morph,nospec,r_cm_size
mant001,1,2.7
mant001,2,2.7
mant001,3,3.5
mant001,4,2.7
mant001,5,2
mant001,6,1.6
mant001,7,3
mant001,8,3.5
mant001,9,2.2
mant001,10,3
mant001,11,3.5
mant001,12,4
mant001,13,3.8
mant001,14,4.3
mant001,15,2.4
mant001,16,2.4
mant001,17,4
mant001,18,3.8
mant001,19,5.3
mant001,20,3.5
mant002,1,1.5
mant002,2,1.6
mant002,3,0.87
mant002,4,0.81
mant002,5,1.5
mant002,6,1.1
mant002,7,0.91
mant002,8,1.2
mant002,9,1.6
mant002,10,1.3
mant002,11,1.3
mant002,12,1.3
mant002,13,0.87
mant002,14,1.3
mant002,15,1.01
mant002,16,1.1
mant002,17,1.4
mant002,18,1.5
mant002,19,1.1
mant002,20,0.93
mant003,1,6.6
mant003,2,6.5
mant003,3,6.7
mant003,4,5.9
mant003,5,7.5
mant003,6,6.5
mant003,7,6.9
mant003,8,6.5
mant003,9,7
mant003,10,7
mant003,11,6.4
mant003,12,7
mant003,13,6.5
mant003,14,6.6
mant003,15,6.1
mant003,16,6.5
mant003,17,6.7
mant003,18,6.3
mant003,19,7.7
mant003,20,9.3
mant004,1,2.7
mant004,2,0.89
mant004,3,0.86
mant004,4,2.8
mant004,5,2.3
mant004,6,0.83
mant004,7,0.81
mant004,8,0.75
mant004,9,0.77
mant004,10,0.81
mant005,1,2.6
mant005,2,2.1
mant005,3,1.6
mant005,4,0.93
mant005,5,1.9
mant005,6,2.3
mant005,7,1.9
mant005,8,0.92
mant005,9,1.6
mant006,1,5.8
mant006,2,2.4
mant006,3,2.5
mant006,4,4.5
mant006,5,5.4
mant006,6,2.1
mant006,7,2.2
mant006,8,1.2
mant006,9,2.2
mant006,10,3.6
mant006,11,5.8
mant006,12,1.7
mant006,13,5.3
mant007,1,1.2
mant007,2,1.8
mant007,3,3.4
mant007,4,1.2
mant007,5,1.1
mant007,6,2.2
mant007,7,0.96
mant007,8,1.1
mant007,9,1.1
mant007,10,2
mant007,11,1.5
mant007,12,1.5
mant007,13,1
mant007,14,0.94
mant007,15,1
mant007,16,0.97
mant007,17,0.93
mant007,18,0.93
mant007,19,1.1
mant007,20,9.1
mant008,1,6.1
mant008,2,6
mant008,3,6.1
mant009,1,1.7
mant009,2,2.1
mant009,3,3.2
mant009,4,1.3
mant010,1,7
mant010,2,7.1
mant010,3,6.5
mant010,4,7.5
mant010,5,6.6
mant011,1,4.6
mant011,2,7
mant011,3,2.2
mant011,4,5.9
mant011,5,4.3
mant011,6,4.7
mant011,7,3.2
mant011,8,3.3
mant012,1,6.4
mant012,2,5.3
mant012,3,6
mant013,1,3.1
mant013,2,2.9
mant013,3,2.9
mant014,1,1.2
mant014,2,1.3
mant014,3,1.7
mant014,4,1.6
aran001,1,0.75
aran001,2,0.36
aran001,3,0.57
aran001,4,0.465
aran001,5,1.1
aran001,6,0.34
aran001,7,0.43
aran001,8,0.46
aran001,9,0.77
aran001,10,0.465
aran001,11,0.72
aran001,12,0.53
aran001,13,0.61
aran001,14,0.78
aran001,15,0.395
aran001,16,0.6
aran001,17,0.375
aran001,18,0.68
aran001,19,0.395
aran001,20,0.495
aran002,1,0.69
aran002,2,0.72
aran002,3,0.66
aran002,4,0.51
aran002,5,0.53
aran002,6,0.57
aran002,7,0.66
aran002,8,0.56
aran002,9,0.24
aran002,10,0.53
aran002,11,0.56
aran002,12,0.64
aran003,1,0.62
aran003,2,0.65
aran003,3,0.6
aran003,4,0.88
aran003,5,0.33
aran003,6,0.66
aran003,7,0.33
aran003,8,0.445
aran003,9,0.72
aran003,10,0.7
aran003,11,0.38
aran003,12,0.58
aran003,13,0.65
aran003,14,0.62
aran003,15,0.46
aran003,16,0.54
aran003,17,0.37
aran003,18,0.86
aran003,19,0.55
aran003,20,0.79
aran004,1,0.62
aran004,2,0.4
aran004,3,0.6
aran004,4,0.6
aran004,5,0.6
aran004,6,0.69
aran004,7,0.52
aran004,8,0.53
aran004,9,0.36
aran004,10,0.435
aran005,1,0.475
aran005,2,0.63
aran005,3,0.76
aran005,4,0.75
aran005,5,0.74
aran005,6,0.365
aran005,7,0.415
aran005,8,0.97
aran005,9,0.63
aran005,10,0.84
aran005,11,0.8
aran005,12,0.97
aran005,13,0.99
aran005,14,0.62
aran006,1,0.5
aran006,2,0.435
aran006,3,0.59
aran006,4,0.53
aran006,5,0.58
aran006,6,0.6
aran006,7,0.68
aran006,8,0.72
aran006,9,0.62
aran006,10,0.62
aran006,11,0.61
aran006,12,0.66
aran006,13,0.7
aran006,14,0.64
aran006,15,0.61
aran006,16,0.64
aran006,17,0.57
aran006,18,0.56
aran006,19,0.45
aran006,20,0.72
aran007,1,0.41
aran007,2,1.2
aran007,3,0.83
aran007,4,0.57
aran007,5,0.95
aran007,6,1
aran007,7,0.99
aran008,1,0.8
aran008,2,1.1
aran008,3,1
aran008,4,0.6
aran008,5,0.47
aran008,6,0.405
aran008,7,0.27
aran008,8,0.45
aran008,9,1.3
aran008,10,0.7
aran008,11,0.36
aran008,12,0.76
aran008,13,0.76
aran008,14,0.61
aran008,15,0.35
aran008,16,0.445
aran008,17,0.35
aran008,18,0.38
aran008,19,0.71
aran008,20,1.1
aran009,1,0.72
aran009,2,0.36
aran009,3,0.86
aran009,4,0.59
aran009,5,0.43
aran009,6,0.82
aran009,7,0.76
aran009,8,0.44
aran009,9,1.2
aran009,10,0.4
aran009,11,1.1
aran009,12,0.54
aran009,13,0.7
aran009,14,0.86
aran009,15,0.28
aran009,16,0.42
aran009,17,0.94
aran009,18,0.77
aran009,19,0.5
aran009,20,0.92
aran010,1,0.37
aran010,2,0.38
aran010,3,0.27
aran010,4,0.515
aran010,5,0.25
aran010,6,0.445
aran010,7,0.38
aran011,1,0.65
aran011,2,0.52
aran011,3,0.425
aran011,4,0.32
aran011,5,0.54
aran011,6,0.375
aran011,7,0.335
aran011,8,0.81
aran011,9,0.445
aran011,10,0.56
aran011,11,0.5
aran011,12,0.71
aran011,13,0.61
aran011,14,0.265
aran011,15,0.48
aran011,16,0.57
aran011,17,0.55
aran011,18,0.57
aran011,19,0.75
aran011,20,0.55
aran012,1,0.59
aran012,2,0.415
aran012,3,0.37
aran012,4,0.495
aran012,5,0.4
aran012,6,0.235
aran012,7,0.24
aran012,8,0.34
aran012,9,0.54
aran012,10,0.37
aran013,1,0.85
aran013,2,0.88
aran013,3,0.91
aran013,4,1
aran013,5,1.1
aran013,6,0.95
aran013,7,0.7
aran013,8,0.98
aran013,9,1
aran014,1,0.8
aran014,2,0.75
aran014,3,0.84
aran014,4,0.8
aran014,5,0.84
aran014,6,0.85
aran014,7,0.83
aran014,8,0.8
aran014,9,0.9
aran014,10,0.78
aran014,11,0.83
aran014,12,0.77
aran014,13,0.72
aran014,14,0.87
aran014,15,0.85
aran014,16,0.75
aran014,17,0.79
aran014,18,0.97
aran014,19,0.91
aran014,20,0.87
aran015,1,0.35
aran015,2,0.235
aran015,3,0.28
aran015,4,0.355
aran015,5,0.245
aran015,6,0.28
aran015,7,0.415
aran015,8,0.37
aran015,9,0.33
aran015,10,0.43
aran015,11,0.305
aran015,12,0.29
aran015,13,0.34
aran015,14,0.425
aran015,15,0.28
aran015,16,0.38
aran015,17,0.34
aran015,18,0.32
aran015,19,0.285
aran015,20,0.22
aran016,1,0.56
aran016,2,0.6
aran016,3,0.59
aran016,4,0.47
aran016,5,0.42
aran016,6,0.465
aran016,7,0.72
aran016,8,0.56
aran016,9,0.65
aran016,10,0.54
aran016,11,0.42
aran016,12,0.63
aran016,13,0.44
aran017,1,0.77
aran017,2,0.58
aran017,3,0.53
aran017,4,1.02
aran017,5,0.56
aran017,6,0.54
aran017,7,0.4
aran017,8,0.48
aran017,9,0.73
aran018,1,0.325
aran018,2,0.72
aran018,3,0.335
aran018,4,0.225
aran018,5,0.305
aran018,6,0.57
aran018,7,0.66
aran018,8,0.365
aran019,1,0.445
aran019,2,0.335
aran019,3,0.61
aran019,4,0.6
aran019,5,0.39
aran019,6,0.385
aran019,7,0.61
aran019,8,0.36
aran019,9,0.61
aran019,10,0.38
aran019,11,0.54
aran019,12,0.23
aran019,13,0.355
aran019,14,0.375
aran019,15,0.6
aran019,16,0.445
aran019,17,0.485
aran019,18,0.53
aran019,19,0.475
aran019,20,0.275
aran020,1,0.325
aran020,2,0.33
aran020,3,0.28
aran020,4,0.325
aran020,5,0.335
aran020,6,0.265
aran020,7,0.285
aran020,8,0.225
aran020,9,0.22
aran020,10,0.355
aran020,11,0.235
aran020,12,0.28
aran020,13,0.23
aran021,1,0.225
aran021,2,0.65
aran021,3,0.34
aran021,4,0.56
aran021,5,0.37
aran021,6,0.4
aran021,7,0.33
aran021,8,0.54
aran021,9,0.43
aran021,10,0.34
aran021,11,0.435
aran021,12,0.37
aran021,13,0.35
aran021,14,0.79
aran021,15,0.7
aran021,16,0.37
aran021,17,0.395
aran021,18,0.5
aran021,19,0.44
aran021,20,0.425
aran022,1,0.62
aran022,2,0.445
aran022,3,0.32
aran022,4,0.455
aran022,5,0.345
aran022,6,0.325
aran022,7,0.405
aran022,8,0.3
aran022,9,0.245
aran022,10,0.415
aran022,11,0.24
aran022,12,0.295
aran022,13,0.445
aran022,14,0.56
aran022,15,0.59
aran022,16,0.46
aran022,17,0.42
aran022,18,0.4
aran022,19,0.335
aran022,20,0.19
aran023,1,0.23
aran023,2,0.375
aran023,3,0.17
aran023,4,0.3
aran023,5,0.24
aran023,6,0.245
aran023,7,0.275
aran023,8,0.275
aran023,9,0.245
aran023,10,0.255
aran024,1,0.295
aran024,2,0.325
aran024,3,0.72
aran024,4,0.485
aran024,5,0.34
aran024,6,0.4
aran024,7,0.46
aran024,8,0.58
aran024,9,0.42
aran024,10,0.315
aran024,11,0.6
aran024,12,0.63
aran024,13,0.355
aran024,14,0.39
aran024,15,0.355
aran024,16,0.56
aran024,17,0.395
aran024,18,0.63
aran024,19,0.55
aran024,20,0.59
aran025,1,0.63
aran025,2,0.76
aran025,3,0.81
aran025,4,0.59
aran025,5,0.98
aran025,6,0.75
aran025,7,0.51
aran025,8,0.43
aran025,9,0.39
aran025,10,0.61
aran025,11,0.91
aran025,12,0.63
aran025,13,0.88
aran025,14,0.58
aran025,15,0.78
aran025,16,0.5
aran025,17,0.42
aran025,18,0.67
aran025,19,0.92
aran025,20,0.76
aran026,1,0.37
aran026,2,0.475
aran027,1,0.34
aran028,1,0.295
aran028,2,0.225
aran028,3,0.245
aran029,1,0.355
aran029,2,0.475
aran029,3,0.375
aran029,4,0.66
aran029,5,0.55
aran029,6,0.61
aran030,1,3
aran030,2,4
aran031,1,0.69
aran031,2,0.64
aran031,3,0.73
aran031,4,0.81
aran031,5,0.82
aran031,6,0.68
aran031,7,0.72
aran032,1,0.54
aran032,2,0.185
aran032,3,0.405
aran032,4,0.41
aran032,5,0.335
aran032,6,0.465
aran032,7,0.465
aran032,8,0.415
aran032,9,0.44
aran032,10,0.48
aran032,11,0.42
aran032,12,0.425
aran032,13,0.5
aran032,14,0.54
aran032,15,0.46
aran032,16,0.455
aran032,17,0.32
aran032,18,0.46
aran032,19,0.38
aran032,20,0.465
aran033,1,0.88
aran032,2,0.54
aran032,3,0.96
aran032,4,0.64
aran032,5,1.3
aran032,6,0.84
aran032,7,1
aran034,1,0.53
aran034,2,0.64
aran034,3,0.65
aran034,4,0.71
aran034,5,0.58
aran034,6,0.73
aran034,7,0.45
aran034,8,0.26
aran034,9,0.22
aran034,10,0.82
aran034,11,0.72
aran034,12,0.73
aran034,13,0.59
aran034,14,0.44
aran034,15,0.71
aran034,16,0.68
aran034,17,0.5
aran034,18,0.6
aran034,19,0.57
aran034,20,0.52
aran035,1,0.62
aran035,2,0.7
aran035,3,0.47
aran035,4,0.69
aran035,5,0.85
aran035,6,0.62
aran035,7,0.85
aran035,8,0.79
aran035,9,0.455
aran035,10,0.58
aran035,11,0.56
aran035,12,0.78
aran035,13,0.365
aran035,14,0.46
aran035,15,0.49
aran035,16,0.35
aran035,17,0.56
aran036,1,0.255
aran036,2,0.47
aran036,3,0.495
aran036,4,0.275
aran036,5,0.62
aran036,6,0.325
aran036,7,0.46
aran036,8,0.345
aran036,9,0.34
aran036,10,0.455
aran036,11,0.56
aran036,12,0.39
aran036,13,0.355
aran036,14,0.355
aran036,15,0.415
aran036,16,0.47
aran036,17,0.465
aran036,18,0.31
aran036,19,0.375
aran036,20,0.42
aran037,1,0.62
aran037,2,0.33
aran037,3,0.245
aran037,4,0.57
aran037,5,0.42
aran037,6,0.27
aran037,7,0.355
aran037,8,0.475
aran037,9,0.42
aran037,10,0.325
aran037,11,0.33
aran037,12,0.85
aran037,13,0.305
aran037,14,0.13
aran037,15,0.345
aran037,16,0.355
aran037,17,0.345
aran037,18,0.37
aran037,19,0.62
aran037,20,0.6
aran038,1,0.43
aran038,2,0.64
aran038,3,0.62
aran038,4,0.385
aran038,5,0.48
aran038,6,0.485
aran038,7,0.59
aran038,8,0.7
aran038,9,0.425
aran038,10,0.42
aran038,11,0.56
aran038,12,0.53
aran038,13,0.46
aran038,14,0.65
aran038,15,0.61
aran038,16,0.43
aran038,17,0.55
aran038,18,0.465
aran038,19,0.67
aran038,20,0.58
aran039,1,0.365
aran039,2,0.74
aran039,3,0.82
aran039,4,0.39
aran039,5,0.435
aran039,6,0.39
aran039,7,1.1
aran039,8,0.38
aran039,9,0.385
aran039,10,0.385
aran039,11,0.39
aran039,12,0.415
aran039,13,0.395
aran039,14,0.355
aran039,15,0.4
aran039,16,0.445
aran039,17,0.375
aran039,18,0.25
aran039,19,0.35
aran039,20,0.31
aran040,1,0.455
aran040,2,1.1
aran040,3,0.5
aran040,4,0.62
aran040,5,0.59
aran040,6,0.65
aran040,7,0.56
aran040,8,0.5
aran040,9,0.5
aran040,10,0.65
aran040,11,0.67
aran040,12,0.475
aran040,13,0.72
aran040,14,0.89
aran040,15,0.63
aran040,16,0.55
aran040,17,0.7
aran040,18,0.79
aran040,19,0.86
aran040,20,0.475
aran041,1,0.61
aran041,2,0.41
aran041,3,0.45
aran041,4,0.5
aran041,5,0.97
aran041,6,0.56
aran041,7,0.485
aran041,8,0.56
aran041,9,0.5
aran041,10,0.31
aran041,11,0.47
aran041,12,0.335
aran041,13,0.395
aran041,14,0.465
aran041,15,0.395
aran041,16,0.255
aran041,17,0.76
aran041,18,1.1
aran041,19,0.335
aran041,20,0.345
aran042,1,0.215
aran042,2,0.25
aran042,3,0.25
aran042,4,0.235
aran042,5,0.235
aran042,6,0.27
aran042,7,0.28
aran042,8,0.25
aran042,9,0.27
aran042,10,0.27
aran042,11,0.245
aran042,12,0.215
aran042,13,0.23
aran042,14,0.215
aran042,15,0.225
aran043,1,0.29
aran043,2,0.24
aran043,3,0.325
aran043,4,0.24
aran043,5,0.3
aran043,6,0.31
aran043,7,0.37
aran043,8,0.22
aran043,9,0.275
aran043,10,0.22
aran043,11,0.34
aran044,1,0.375
aran044,2,0.25
aran045,1,0.46
aran045,2,0.395
aran045,3,0.31
aran045,4,0.395
aran045,5,0.395
aran045,6,0.43
aran046,1,0.53
aran046,2,0.55
aran046,3,0.52
aran046,4,0.65
aran046,5,0.73
aran046,6,0.46
aran046,7,0.51
aran046,8,0.52
aran046,9,0.61
aran046,10,0.81
aran046,11,0.72
aran046,12,0.55
aran046,13,0.63
aran046,14,0.465
aran046,15,0.445
aran046,16,0.61
aran046,17,0.425
aran046,18,0.35
aran046,19,0.71
aran046,20,0.64
aran047,1,0.35
aran048,1,0.425
aran049,1,0.23
aran049,2,0.255
aran049,3,0.23
aran049,4,0.17
aran049,5,0.205
aran049,6,0.245
aran049,7,0.14
aran049,8,0.2
aran050,1,1.5
aran050,2,1.4
aran050,3,0.78
aran050,4,1.5
aran050,5,1.6
aran050,6,1.5
aran050,7,1.7
aran051,1,0.67
aran051,2,0.93
aran051,3,0.62
aran051,4,0.69
aran051,5,0.63
aran051,6,0.56
aran051,7,1.1
aran051,8,0.5
aran051,9,0.435
aran051,10,0.5
aran051,11,0.84
aran051,12,0.65
aran051,13,0.385
aran051,14,0.375
aran051,15,0.94
aran051,16,0.68
aran051,17,0.81
aran051,18,0.77
aran052,1,0.7
aran052,2,0.53
aran052,3,0.34
aran052,4,0.54
aran052,5,0.64
aran052,6,0.63
aran052,7,0.63
aran052,8,0.53
aran052,9,0.57
aran052,10,0.68
aran053,1,0.23
aran054,1,0.31
aran054,2,0.345
aran054,3,0.34
aran055,1,0.32
aran055,2,0.285
aran055,3,0.39
aran055,4,0.295
aran055,5,0.485
aran055,6,0.37
aran055,7,0.475
aran055,8,0.5
aran055,9,0.45
aran055,10,0.31
aran055,11,0.34
aran056,1,0.385
aran056,2,0.285
aran056,3,0.5
aran056,4,0.445
aran056,5,0.17
aran056,6,0.41
aran056,7,0.305
aran056,8,0.275
aran056,9,0.365
aran056,10,0.355
aran056,11,0.375
aran056,12,0.16
aran056,13,0.365
aran056,14,0.395
aran056,15,0.365
aran056,16,0.35
aran056,17,0.38
aran056,18,0.315
aran056,19,0.4
aran056,20,0.41
aran057,1,0.57
aran057,2,0.49
aran057,3,0.49
aran057,4,0.445
aran057,5,0.2
aran057,6,0.445
aran057,7,0.5
aran057,8,0.63
aran057,9,0.46
aran057,10,0.47
aran057,11,0.45
aran057,12,0.43
aran057,13,0.435
aran058,1,0.62
aran058,2,0.51
aran058,3,0.73
aran058,4,0.62
aran058,5,1.5
aran058,6,0.81
aran058,7,0.93
aran058,8,0.67
aran059,1,0.47
aran059,2,0.88
aran059,3,0.59
aran059,4,0.45
aran059,5,0.61
aran059,6,0.62
aran059,7,0.61
aran059,8,0.62
aran059,9,0.75
aran059,10,0.4
aran059,11,0.6
aran059,12,0.62
aran059,13,0.53
aran059,14,0.465
aran059,15,0.8
aran059,16,0.58
aran059,17,0.39
aran059,18,0.57
aran059,19,0.28
aran059,20,0.57
aran060,1,0.98
aran060,2,0.89
aran060,3,1.4
aran060,4,1.4
aran060,5,0.79
aran060,6,0.71
aran060,7,0.87
aran060,8,1.2
aran060,9,1.3
aran060,10,1.2
aran060,11,1.02
aran060,12,0.82
aran060,13,0.91
aran060,14,0.88
aran060,15,0.91
aran061,1,0.53
aran061,2,0.62
aran061,3,0.41
aran061,4,0.73
aran061,5,0.69
aran061,6,0.43
aran062,1,0.375
aran063,1,0.235
aran064,1,0.95
aran064,2,0.485
aran064,3,0.94
aran064,4,0.4
aran064,5,0.435
aran064,6,0.53
aran064,7,0.38
aran064,8,0.66
aran065,1,0.405
aran065,2,0.405
aran066,1,0.62
aran066,2,0.86
aran066,3,0.81
aran066,4,0.76
aran066,5,0.345
aran067,1,0.33
aran067,2,0.345
aran067,3,0.36
aran067,4,0.255
aran067,5,0.27
aran067,6,0.345
aran068,1,0.265
aran069,1,0.3
aran069,2,0.22
aran069,3,0.6
aran070,1,0.27
aran070,2,0.275
aran070,3,0.23
aran070,4,0.275
aran071,1,0.7
aran071,2,0.48
aran071,3,0.64
aran071,4,0.74
aran071,5,0.35
aran071,6,0.66
aran071,7,1.3
aran071,8,0.69
aran071,9,0.67
aran071,10,0.53
aran071,11,0.53
aran071,12,0.76
aran071,13,0.36
aran071,14,1.1
aran071,15,0.66
aran072,1,0.46
aran072,2,0.47
aran072,3,0.265
aran072,4,0.445
aran072,5,0.37
aran072,6,0.45
aran072,7,0.445
aran072,8,0.35
aran072,9,0.59
aran072,10,0.3
aran072,11,0.345
aran072,12,0.445
aran072,13,0.53
aran072,14,0.335
aran072,15,0.66
aran072,16,0.64
aran072,17,0.71
aran072,18,0.65
aran072,19,0.415
aran072,20,0.485
aran073,1,0.415
aran073,2,0.375
aran073,3,0.425
aran073,4,0.455
aran073,5,0.255
aran073,6,0.71
aran073,7,0.26
aran073,8,0.38
aran073,9,0.28
aran073,10,0.48
aran073,11,0.39
aran073,12,0.46
aran073,13,0.355
aran073,14,0.295
aran073,15,0.375
aran073,16,0.65
aran073,17,0.53
aran073,18,0.31
aran073,19,0.405
aran073,20,0.6
aran074,1,0.405
aran074,2,0.29
aran074,3,0.31
aran074,4,0.42
aran074,5,0.285
aran074,6,0.21
aran074,7,0.23
aran074,8,0.19
aran074,9,0.16
aran075,1,0.295
aran075,2,0.29
aran075,3,0.305
aran075,4,0.385
aran075,5,0.265
aran075,6,0.235
aran076,1,0.24
aran076,2,0.225
aran077,1,0.77
aran077,2,0.67
aran077,3,0.36
aran077,4,0.385
aran077,5,0.91
aran077,6,1.2
aran077,7,1.4
aran077,8,1.1
aran077,9,0.325
aran077,10,0.67
aran077,11,0.355
aran077,12,1.02
aran077,13,1.4
aran077,14,0.78
aran077,15,0.34
aran077,16,0.39
aran077,17,0.39
aran077,18,0.305
aran077,19,0.485
aran077,20,1.2
aran078,1,0.58
aran078,2,0.57
aran078,3,0.62
aran078,4,0.65
aran078,5,0.59
aran078,6,0.51
aran078,7,0.475
aran078,8,0.6
aran078,9,0.75
aran078,10,0.66
aran079,1,0.445
aran079,2,0.475
aran079,3,0.295
aran079,4,0.55
aran079,5,0.35
aran079,6,0.5
aran079,7,0.44
aran079,8,0.77
aran080,1,0.325
aran080,2,0.365
aran080,3,0.22
aran080,4,0.495
aran081,1,0.61
aran081,2,0.55
aran082,1,0.3
aran082,2,0.38
aran082,3,0.63
aran082,4,0.46
aran083,1,0.345
aran083,2,0.61
aran083,3,0.43
aran083,4,0.55
aran084,1,0.68
aran084,2,0.84
aran084,3,0.56
aran084,4,0.58
aran084,5,0.49
aran084,6,0.29
aran085,1,0.365
aran086,1,0.58
aran086,2,0.93
aran086,3,0.455
aran086,4,1.1
aran086,5,0.75
aran086,6,0.44
aran086,7,0.52
aran086,8,0.71
aran086,9,0.53
aran086,10,0.86
aran086,11,0.72
aran086,12,0.53
aran086,13,0.84
aran086,14,0.81
aran086,15,0.77
aran086,16,0.56
aran086,17,1.2
aran086,18,0.93
aran087,1,1.4
aran087,2,1.3
aran087,3,1.3
aran087,4,1.1
aran087,5,0.8
aran087,6,0.81
aran087,7,0.75
aran087,8,0.93
aran088,1,0.69
aran088,2,0.79
aran088,3,0.48
aran088,4,0.87
aran088,5,0.61
aran088,6,0.52
aran088,7,0.6
aran088,8,0.93
aran088,9,0.71
aran088,10,0.4
aran088,11,1.1
aran089,1,0.61
aran089,2,0.55
aran089,3,0.63
aran089,4,0.35
aran089,5,0.225
aran089,6,0.68
aran089,7,0.84
aran089,8,0.6
aran089,9,0.66
aran089,10,0.34
aran089,11,0.4
aran089,12,0.48
aran090,1,0.54
aran090,2,0.56
aran090,3,0.55
aran090,4,0.65
aran090,5,0.5
aran090,6,0.61
aran090,7,0.62
aran090,8,0.54
aran090,9,0.62
aran090,10,0.6
aran090,11,0.59
aran090,12,0.51
aran090,13,0.485
aran090,14,0.69
aran090,15,0.56
aran091,1,0.42
aran091,2,0.58
aran092,1,0.64
aran092,2,0.53
aran092,3,0.57
aran092,4,0.195
aran093,1,0.72
aran093,2,0.64
aran094,1,0.78
aran095,1,0.5
aran095,2,0.51
aran096,1,0.52
aran097,1,1.4
aran098,1,1.3
aran098,2,0.96
aran099,1,0.255
aran099,2,0.225
aran099,3,0.29
aran099,4,0.21
aran099,5,0.215
aran099,6,0.335
aran099,7,0.215
aran099,8,0.27
aran100,1,0.62
aran100,2,0.6
aran101,1,0.52
aran101,2,0.5
aran101,3,0.295
aran102,1,0.59
aran103,1,0.91
aran103,2,0.68
aran104,1,0.475
aran104,2,0.445
aran104,3,0.42
aran104,4,0.63
aran104,5,0.465
aran104,6,0.41
aran104,7,0.34
aran104,8,0.455
aran105,1,0.49
aran106,1,0.9
aran106,2,0.69
aran106,3,0.96
aran106,4,0.91
aran106,5,0.99
aran106,6,0.75
aran106,7,0.9
aran107,1,0.285
aran107,2,0.28
aran107,3,0.235
aran107,4,0.2
aran108,1,0.47
aran109,1,0.25
aran110,1,0.36
aran111,1,0.71
aran112,1,0.72
aran112,2,0.5
aran112,3,0.415
aran113,1,0.46
aran114,1,0.23
aran115,1,0.325
aran115,2,0.52
aran116,1,0.91
aran117,1,0.61
aran117,2,0.62
aran117,3,0.57
aran117,4,0.59
aran118,1,0.61
aran118,2,0.72
aran118,3,0.78
aran118,4,0.56
aran118,5,0.73
aran118,6,0.86
aran118,7,0.8
aran118,8,0.62
aran118,9,0.95
aran119,1,0.74
aran119,2,0.66
aran119,3,0.425
aran119,4,0.61
aran119,5,0.6
aran119,6,0.42
aran120,1,0.72
aran121,1,0.365
aran121,2,0.6
aran122,1,0.6
aran122,2,0.63
aran122,3,0.4
aran122,4,0.36
aran122,5,0.3
aran122,6,0.415
aran122,7,0.415
aran122,8,0.4
aran122,9,0.3
aran122,10,0.66
aran123,1,0.245
aran123,2,0.23
aran124,1,0.67
aran125,1,1.4
aran126,1,0.375
aran127,1,1.5
aran128,1,0.56
aran129,1,0.56
aran130,1,0.26
aran131,1,1.4
aran132,1,0.8
hemi001,1,1
hemi001,2,1.5
hemi001,3,0.77
hemi001,4,0.98
hemi001,5,1
hemi001,6,0.92
hemi001,7,1
hemi001,8,0.55
hemi001,9,1.35
hemi001,10,1.2
hemi001,11,0.45
hemi001,12,1.15
hemi001,13,0.37
hemi001,14,0.7
hemi001,15,1.55
hemi001,16,1.35
hemi001,17,0.84
hemi001,18,0.82
hemi001,19,0.355
hemi001,20,1.3
hemi002,1,1.35
hemi002,2,1.5
hemi002,3,0.81
hemi002,4,0.495
hemi002,5,1.3
hemi002,6,1.25
hemi002,7,1.6
hemi002,8,0.89
hemi002,9,0.8
hemi002,10,1.4
hemi002,11,0.5
hemi002,12,1.2
hemi002,13,0.95
hemi002,14,1.1
hemi002,15,1.15
hemi002,16,1
hemi002,17,0.75
hemi002,18,0.49
hemi002,19,0.61
hemi002,20,0.84
hemi003,1,0.59
hemi003,2,0.86
hemi003,3,0.9
hemi003,4,0.6
hemi003,5,0.98
hemi003,6,0.94
hemi003,7,0.52
hemi003,8,0.91
hemi003,9,1.05
hemi003,10,0.9
hemi003,11,1
hemi003,12,0.9
hemi003,13,0.91
hemi003,14,1.1
hemi003,15,1
hemi003,16,0.82
hemi003,17,0.91
hemi003,18,1.1
hemi003,19,1
hemi003,20,0.83
hemi004,1,1.5
hemi004,2,1.5
hemi004,3,1.5
hemi004,4,1.5
hemi004,5,1.6
hemi004,6,1.65
hemi004,7,1.65
hemi005,1,1.7
hemi005,2,2.2
hemi005,3,1.7
hemi006,1,0.345
hemi006,2,0.49
hemi006,3,0.385
hemi006,4,0.475
hemi006,5,0.53
hemi006,6,0.53
hemi006,7,0.56
hemi006,8,0.54
hemi006,9,0.52
hemi006,10,0.455
hemi006,11,0.385
hemi006,12,0.56
hemi006,13,0.51
hemi006,14,0.5
hemi006,15,0.52
hemi006,16,0.5
hemi006,17,0.375
hemi006,18,0.52
hemi006,19,0.5
hemi006,20,0.4
hemi007,1,0.42
hemi007,2,0.475
hemi007,3,0.505
hemi008,1,0.35
hemi008,2,0.375
hemi008,3,0.26
hemi008,4,0.355
hemi008,5,0.37
hemi008,6,0.56
hemi008,7,0.49
hemi008,8,0.2
hemi008,9,0.43
hemi008,10,0.37
hemi008,11,0.395
hemi008,12,0.55
hemi008,13,0.58
hemi008,14,0.27
hemi008,15,0.28
hemi008,16,0.37
hemi008,17,0.26
hemi008,18,0.345
hemi008,19,0.36
hemi008,20,0.355
hemi009,1,0.375
hemi009,2,0.27
hemi009,3,0.325
hemi009,4,0.305
hemi009,5,0.305
hemi009,6,0.31
hemi009,7,0.485
hemi009,8,0.29
hemi009,9,0.245
hemi009,10,0.54
hemi009,11,0.38
hemi009,12,0.285
hemi009,13,0.32
hemi009,14,0.345
hemi009,15,0.29
hemi009,16,0.355
hemi009,17,0.365
hemi009,18,0.175
hemi009,19,0.265
hemi009,20,0.505
hemi010,1,0.43
hemi010,2,0.435
hemi010,3,0.36
hemi010,4,0.38
hemi010,5,0.395
hemi010,6,0.41
hemi010,7,0.385
hemi010,8,0.38
hemi010,9,0.43
hemi010,10,0.49
hemi010,11,0.375
hemi010,12,0.475
hemi010,13,0.36
hemi010,14,0.405
hemi010,15,0.36
hemi010,16,0.48
hemi010,17,0.58
hemi010,18,0.47
hemi010,19,0.475
hemi010,20,0.385
hemi011,1,0.57
hemi011,2,0.69
hemi011,3,0.73
hemi011,4,0.66
hemi011,5,0.69
hemi011,6,0.71
hemi011,7,0.72
hemi011,8,0.71
hemi011,9,0.72
hemi011,10,0.74
hemi011,11,0.71
hemi011,12,0.73
hemi011,13,0.73
hemi011,14,0.72
hemi011,15,0.72
hemi011,16,0.72
hemi011,17,0.7
hemi011,18,0.74
hemi011,19,0.71
hemi011,20,0.68
hemi012,1,0.62
hemi012,2,0.6
hemi012,3,0.63
hemi012,4,0.62
hemi012,5,0.65
hemi012,6,0.64
hemi012,7,0.66
hemi012,8,0.66
hemi012,9,0.65
hemi012,10,0.63
hemi012,11,0.63
hemi012,12,0.66
hemi012,13,0.6
hemi012,14,0.65
hemi012,15,0.63
hemi012,16,0.61
hemi012,17,0.59
hemi012,18,0.61
hemi012,19,0.64
hemi012,20,0.65
hemi013,1,1.1
hemi013,2,1.1
hemi013,3,1.1
hemi014,1,0.83
hemi014,2,0.85
hemi014,3,0.89
hemi014,4,0.84
hemi014,5,0.89
hemi014,6,0.87
hemi014,7,0.91
hemi014,8,0.83
hemi014,9,0.75
hemi014,10,0.71
hemi014,11,0.9
hemi014,12,0.77
hemi014,13,0.74
hemi014,14,0.86
hemi014,15,0.89
hemi014,16,0.69
hemi014,17,0.83
hemi014,18,0.9
hemi014,19,0.75
hemi014,20,0.83
hemi015,1,1.3
hemi016,1,0.52
hemi016,2,0.465
hemi016,3,0.56
hemi016,4,0.425
hemi016,5,0.54
hemi016,6,0.51
hemi016,7,0.47
hemi016,8,0.53
hemi016,9,0.53
hemi017,1,0.59
hemi017,2,0.62
hemi017,3,0.56
hemi017,4,0.69
hemi017,5,0.59
hemi017,6,0.69
hemi017,7,0.63
hemi017,8,0.68
hemi017,9,0.72
hemi017,10,0.71
hemi017,11,0.47
hemi017,12,0.39
hemi017,13,0.66
hemi017,14,0.48
hemi017,15,0.56
hemi017,16,0.67
hemi017,17,0.71
hemi017,18,0.52
hemi017,19,0.7
hemi017,20,0.7
hemi018,1,0.67
hemi018,2,0.82
hemi018,3,0.67
hemi018,4,0.65
hemi018,5,0.6
hemi018,6,0.77
hemi018,7,0.84
hemi018,8,0.63
hemi018,9,0.89
hemi018,10,0.66
hemi018,11,0.88
hemi018,12,0.85
hemi018,13,0.86
hemi018,14,0.87
hemi018,15,0.85
hemi018,16,0.66
hemi018,17,0.67
hemi018,18,0.66
hemi018,19,0.66
hemi018,20,0.66
hemi019,1,0.8
hemi019,2,0.83
hemi019,3,0.76
hemi019,4,1
hemi019,5,0.88
hemi019,6,0.82
hemi019,7,0.99
hemi019,8,0.97
hemi019,9,1
hemi019,10,0.76
hemi020,1,1.8
hemi020,2,1.8
hemi020,3,1.8
hemi020,4,1.8
hemi020,5,1.2
hemi020,6,2.2
hemi020,7,1.6
hemi020,8,1.6
hemi020,9,1.7
hemi021,1,2.5
hemi021,2,2.4
hemi021,3,2.1
hemi021,4,2
hemi021,5,2.1
hemi021,6,2.5
hemi021,7,2.3
hemi021,8,2.2
hemi021,9,2.1
hemi021,10,1.7
hemi021,11,2.2
hemi021,12,2.3
hemi022,1,0.335
hemi023,1,0.57
hemi023,2,0.57
hemi023,3,0.6
hemi023,4,0.48
hemi023,5,0.53
hemi023,6,0.46
hemi023,7,0.54
hemi023,8,0.62
hemi023,9,0.385
hemi023,10,0.52
hemi023,11,0.66
hemi023,12,0.6
hemi023,13,0.65
hemi023,14,0.67
hemi023,15,0.63
hemi023,16,0.56
hemi023,17,0.6
hemi023,18,0.51
hemi023,19,0.65
hemi024,1,1.4
hemi025,1,1.4
hemi025,2,1.5
hemi025,3,1.5
hemi025,4,1.4
hemi025,5,1.4
hemi025,6,1.4
hemi025,7,1.5
hemi025,8,1.4
hemi025,9,1.4
hemi025,10,1.5
hemi025,11,1.3
hemi025,12,1.3
hemi025,13,1.5
hemi025,14,1.5
hemi025,15,1.4
hemi025,16,1.5
hemi025,17,1.4
hemi026,1,0.5
hemi026,2,0.75
hemi026,3,0.94
hemi026,4,0.73
hemi027,1,0.275
hemi027,2,0.28
hemi028,1,0.83
hemi028,2,0.95
hemi028,3,0.95
hemi028,4,1.3
hemi028,5,1.02
hemi028,6,0.99
hemi028,7,1.1
hemi028,8,0.98
hemi028,9,1.2
hemi028,10,1.1
hemi028,11,1.4
hemi028,12,0.99
hemi028,13,1
hemi028,14,0.67
hemi028,15,0.76
hemi028,16,0.86
hemi028,17,0.8
hemi028,18,1
hemi028,19,0.93
hemi028,20,1
hemi029,1,1.6
hemi030,1,0.88
hemi030,2,0.8
hemi030,3,1.1
hemi030,4,0.95
hemi030,5,1.2
hemi030,6,0.85
hemi030,7,0.89
hemi030,8,1.2
hemi030,9,0.99
hemi030,10,1.2
hemi030,11,1.1
hemi031,1,0.61
hemi031,2,0.69
hemi031,3,0.62
hemi031,4,0.66
hemi031,5,0.65
hemi031,6,0.65
hemi031,7,0.6
hemi031,8,0.63
hemi031,9,0.63
hemi031,10,0.6
hemi031,11,0.62
hemi031,12,0.61
hemi031,13,0.61
hemi031,14,0.64
hemi031,15,0.92
hemi031,16,0.64
hemi032,1,1.3
hemi032,2,1.4
hemi033,1,1.6
hemi034,1,0.42
hemi034,2,0.58
hemi034,3,0.405
hemi034,4,0.63
hemi035,1,0.84
hemi035,2,0.78
hemi035,3,0.84
hemi035,4,0.85
hemi035,5,0.7
hemi035,6,0.75
hemi035,7,0.73
hemi035,8,0.76
hemi035,9,0.65
hemi035,10,0.66
hemi035,11,0.79
hemi035,12,0.88
hemi035,13,0.75
hemi035,14,0.7
hemi036,1,0.53
hemi036,2,0.73
hemi036,3,0.59
hemi036,4,0.58
hemi036,5,0.91
hemi036,6,0.64
hemi037,1,1.7
hemi037,2,1.6
hemi037,3,1.6
hemi037,4,1.5
hemi037,5,1.6
hemi037,6,1.7
hemi038,1,0.6
hemi038,2,0.58
hemi038,3,0.54
hemi038,4,0.51
hemi038,5,0.59
hemi038,6,0.72
hemi038,7,0.52
hemi038,8,0.52
hemi039,1,0.34
hemi039,2,0.315
hemi039,3,0.48
hemi039,4,0.495
hemi039,5,0.36
hemi039,6,0.475
hemi039,7,0.475
hemi039,8,0.38
hemi039,9,0.325
hemi039,10,0.38
hemi039,11,0.355
hemi039,12,0.34
hemi039,13,0.62
hemi039,14,0.37
hemi039,15,0.385
hemi039,16,0.345
hemi039,17,0.365
hemi039,18,0.345
hemi039,19,0.495
hemi039,20,0.56
hemi040,1,1.5
hemi041,1,0.94
hemi042,1,0.82
hemi043,1,0.63
hemi043,2,0.75
hemi044,1,0.97
hemi044,2,0.96
hemi044,3,0.79
hemi044,4,0.91
hemi044,5,0.92
hemi044,6,0.97
hemi045,1,1.4
hemi045,2,0.53
hemi045,3,0.64
hemi045,4,1.3
hemi045,5,1.4
hemi045,6,1.3
hemi045,7,1.4
hemi045,8,1.4
hemi045,9,1.4
hemi045,10,1.3
hemi045,11,1.4
hemi045,12,1.4
hemi045,13,1.3
hemi045,14,1.1
hemi046,1,0.7
hemi047,1,2.1
hemi047,2,2.1
hemi047,3,2.1
hemi047,4,2.1
hemi047,5,2
hemi047,6,2
hemi047,7,2
hemi047,8,2.1
hemi047,9,2
hemi047,10,2.1
hemi047,11,2
hemi048,1,1.9
hemi048,2,1.7
hemi049,1,0.73
hemi049,2,0.61
hemi050,1,1.4
hemi051,1,2.1
hemi051,2,2.1
hemi051,3,2.1
hemi051,4,2
hemi052,1,0.74
hemi053,1,0.7
hemi054,1,2
hemi055,1,1.7
hemi055,2,1.4
hemi055,3,1.4
hemi055,4,1.4
hemi055,5,1.5
hemi055,6,1.4
hemi055,7,1.6
hemi055,8,1.4
hemi055,9,1.5
hemi056,1,2.3
hemi057,1,0.55
hemi058,1,0.92
hemi059,1,0.45
hemi059,2,0.335
hemi059,3,0.46
hemi059,4,0.495
hemi059,5,0.465
hemi059,6,0.475
hemi059,7,0.475
hemi059,8,0.46
hemi059,9,0.48
hemi059,10,0.43
hemi059,11,0.46
hemi060,1,2.5
hemi060,2,2.1
hemi061,1,0.76
hemi061,2,0.94
hemi061,3,0.72
hemi061,4,0.76
hemi061,5,0.82
hemi061,6,0.98
hemi061,7,0.79
hemi061,8,1.02
hemi061,9,0.52
hemi061,10,0.68
hemi061,11,0.49
hemi061,12,0.53
hemi061,13,1.2
hemi061,14,0.79
hemi062,1,1.1
hemi062,2,1.2
hemi063,1,0.92
hemi063,2,0.88
hemi064,1,0.4
hemi065,1,1.4
hemi066,1,1.8
hemi066,2,1.9
hemi067,1,1.5
hemi068,1,1.02
hemi068,2,0.93
hemi069,1,1.03
hemi070,1,0.85
hemi071,1,0.85
hemi072,1,1.1
hemi072,2,1.1
hemi072,3,1.2
hemi072,4,1.2
hemi073,1,0.405
hemi073,2,0.44
hemi074,1,1.5
hemi075,1,1.5
hemi076,1,1.6
hemi076,2,1.6
hemi076,3,1.5
hemi077,1,0.96
hemi077,2,0.98
hemi077,3,0.99
hemi078,1,0.8
hemi078,2,0.92
hemi078,3,0.82
hemi078,4,0.74
hemi078,5,0.84
hemi079,1,2.3
hemi079,2,1.9
hemi080,1,1.7
hemi081,1,0.45
hemi081,2,0.47
hemi081,3,0.59
hemi081,4,0.55
hemi081,5,0.52
hemi081,6,0.59
hemi081,7,0.445
hemi081,8,0.49
hemi081,9,0.43
hemi081,10,0.495
hemi081,11,0.54
hemi081,12,0.44
hemi081,13,0.53
hemi081,14,0.51
hemi081,15,0.58
hemi081,16,0.64
hemi081,17,0.42
hemi081,18,0.395
hemi081,19,0.325
hemi081,20,0.28
hemi082,1,0.38
hemi082,2,0.28
hemi083,1,0.74
hemi083,2,0.52
hemi083,3,0.75
hemi083,4,0.57
hemi084,1,0.465
hemi085,1,1.4
hemi086,1,1.4
hemi086,2,1.1
hemi086,3,0.95
hemi087,1,0.69
hemi087,2,0.67
hemi088,1,1.7
hemi089,1,0.94
hemi090,1,0.95
hemi091,1,0.455
hemi092,1,0.68
hemi092,2,0.73
hemi093,1,0.46
hemi094,1,0.42
hemi094,2,0.465
hemi094,3,0.455
hemi094,4,0.5
hemi094,5,0.495
hemi094,6,0.48
hemi094,7,0.47
hemi094,8,0.465
hemi094,9,0.44
hemi094,10,0.425
hemi094,11,0.48
hemi094,12,0.46
hemi094,13,0.465
hemi094,14,0.44
hemi094,15,0.485
hemi094,16,0.46
hemi094,17,0.42
hemi094,18,0.485
hemi094,19,0.49
hemi094,20,0.445
homo001,1,0.63
homo001,2,0.53
homo001,3,0.83
homo001,4,0.73
homo001,5,0.76
homo001,6,0.74
homo001,7,0.65
homo001,8,0.76
homo001,9,0.67
homo001,10,0.7
homo001,11,0.55
homo001,12,0.59
homo001,13,0.74
homo001,14,0.7
homo001,15,0.77
homo001,16,0.55
homo001,17,0.72
homo001,18,0.71
homo001,19,0.51
homo001,20,0.74
homo002,1,0.59
homo002,2,0.59
homo002,3,0.6
homo002,4,0.58
homo002,5,0.56
homo002,6,0.58
homo002,7,0.61
homo002,8,0.54
homo002,9,0.58
homo002,10,0.55
homo002,11,0.61
homo002,12,0.54
homo002,13,0.57
homo002,14,0.66
homo002,15,0.6
homo002,16,0.55
homo002,17,0.65
homo002,18,0.59
homo002,19,0.52
homo002,20,0.63
homo003,1,0.53
homo003,2,0.5
homo003,3,0.48
homo003,4,0.425
homo003,5,0.54
homo003,6,0.51
homo003,7,0.54
homo003,8,0.56
homo003,9,0.49
homo003,10,0.5
homo003,11,0.42
homo003,12,0.435
homo003,13,0.41
homo003,14,0.48
homo003,15,0.55
homo003,16,0.55
homo003,17,0.53
homo003,18,0.54
homo003,19,0.455
homo003,20,0.49
homo004,1,0.76
homo004,2,0.76
homo004,3,0.7
homo004,4,0.85
homo004,5,0.69
homo004,6,0.72
homo004,7,0.69
homo004,8,0.74
homo004,9,0.82
homo004,10,0.81
homo004,11,0.79
homo004,12,0.76
homo004,13,0.73
homo004,14,0.71
homo004,15,0.91
homo004,16,0.7
homo004,17,0.71
homo004,18,0.72
homo004,19,0.81
homo004,20,0.73
homo005,1,0.58
homo005,2,0.75
homo005,3,0.74
homo005,4,0.76
homo005,5,0.67
homo005,6,0.75
homo005,7,0.64
homo005,8,0.76
homo005,9,0.61
homo005,10,0.52
homo005,11,0.78
homo005,12,0.76
homo005,13,0.76
homo005,14,0.57
homo005,15,0.71
homo005,16,0.59
homo005,17,0.77
homo005,18,0.78
homo005,19,0.64
homo005,20,0.7
homo006,1,0.49
homo006,2,0.54
homo006,3,0.52
homo006,4,0.51
homo006,5,0.52
homo006,6,0.54
homo006,7,0.52
homo006,8,0.59
homo006,9,0.53
homo006,10,0.53
homo006,11,0.52
homo006,12,0.51
homo006,13,0.52
homo006,14,0.54
homo006,15,0.6
homo006,16,0.46
homo006,17,0.54
homo006,18,0.52
homo006,19,0.55
homo006,20,0.5
homo007,1,0.63
homo007,2,0.56
homo007,3,0.59
homo007,4,0.6
homo008,1,0.99
homo008,2,0.97
homo008,3,0.92
homo008,4,0.92
homo008,5,1.1
homo008,6,0.95
homo008,7,1.2
homo008,8,0.64
homo008,9,0.86
homo008,10,1
homo008,11,1.1
homo008,12,1.2
homo008,13,0.91
homo008,14,0.91
homo008,15,0.76
homo008,16,1.1
homo008,17,0.87
homo008,18,0.88
homo008,19,0.91
homo008,20,0.96
homo009,1,0.56
homo009,2,0.54
homo009,3,0.7
homo009,4,0.65
homo009,5,0.7
homo009,6,0.71
homo009,7,0.66
homo009,8,0.65
homo009,9,0.62
homo009,10,0.6
homo009,11,0.67
homo009,12,0.65
homo009,13,0.75
homo009,14,0.6
homo009,15,0.55
homo009,16,0.58
homo009,17,0.54
homo009,18,0.61
homo009,19,0.69
homo009,20,0.57
homo010,1,0.64
homo010,2,0.64
homo011,1,0.53
homo011,2,0.51
homo011,3,0.49
homo011,4,0.6
homo011,5,0.4
homo011,6,0.485
homo011,7,0.6
homo011,8,0.41
homo011,9,0.5
homo011,10,0.445
homo011,11,0.55
homo011,12,0.48
homo011,13,0.475
homo011,14,0.465
homo011,15,0.59
homo011,16,0.6
homo011,17,0.61
homo011,18,0.67
homo011,19,0.56
homo011,20,0.53
homo012,1,0.88
homo012,2,0.92
homo012,3,0.48
homo012,4,0.84
homo012,5,0.9
homo012,6,0.82
homo012,7,0.87
homo012,8,0.82
homo012,9,0.54
homo012,10,0.89
homo012,11,0.86
homo012,12,0.75
homo012,13,0.8
homo012,14,0.86
homo012,15,0.89
homo012,16,0.82
homo012,17,0.89
homo012,18,0.71
homo012,19,0.88
homo012,20,0.78
homo013,1,0.73
homo013,2,0.7
homo013,3,0.7
homo013,4,0.72
homo013,5,0.67
homo013,6,0.74
homo013,7,0.8
homo013,8,0.64
homo013,9,0.71
homo013,10,0.75
homo014,1,0.78
homo014,2,0.81
homo015,1,0.99
homo016,1,0.69
homo016,2,0.69
homo016,3,0.68
homo016,4,0.6
homo016,5,0.73
homo016,6,0.71
homo016,7,0.71
homo016,8,0.52
homo016,9,0.8
homo016,10,0.63
homo016,11,0.67
homo016,12,0.76
homo016,13,0.8
homo016,14,0.66
homo017,1,0.6
homo017,2,0.77
homo017,3,0.77
homo018,1,0.57
homo018,2,0.54
homo019,1,0.71
homo019,2,0.8
homo020,1,0.82
homo020,2,0.76
homo021,1,0.51
homo021,2,0.5
homo021,3,0.455
homo021,4,0.54
homo021,5,0.52
homo021,6,0.5
homo021,7,0.46
homo021,8,0.47
homo021,9,0.475
homo021,10,0.52
homo021,11,0.52
homo021,12,0.49
homo021,13,0.49
homo021,14,0.6
homo021,15,0.47
homo021,16,0.485
homo022,1,0.61
homo023,1,0.48
homo023,2,0.56
homo024,1,0.39
homo025,1,0.6
lepi001,1,0.42
lepi001,2,0.55
lepi002,1,0.57
lepi002,2,0.67
lepi003,1,0.98
lepi003,2,1.5
lepi003,3,1.04
lepi003,4,1.66
lepi004,1,1.26
lepi004,2,1
lepi004,3,0.98
lepi004,4,0.74
lepi004,5,1.36
lepi004,6,1.58
lepi004,7,1.6
lepi004,8,1
lepi004,9,0.84
lepi004,10,0.55
lepi004,11,0.43
lepi004,12,0.7
lepi004,13,0.95
lepi004,14,0.96
lepi004,15,1.1
lepi004,16,0.68
lepi004,17,0.72
lepi004,18,0.57
lepi004,19,0.86
lepi004,20,0.59
lepi005,1,1.9
lepi005,2,0.74
lepi005,3,1
lepi005,4,0.5
lepi005,5,2
lepi005,6,2.1
lepi005,7,1.96
lepi005,8,1.54
lepi005,9,1.64
lepi005,10,2.1
lepi005,11,1.9
lepi005,12,1.7
lepi005,13,0.9
lepi005,14,2.1
lepi005,15,1.3
lepi005,16,1.3
lepi005,17,1.78
lepi005,18,1.18
lepi005,19,1.22
lepi005,20,0.85
lepi006,1,4.2
lepi006,2,1.44
lepi007,1,1.52
lepi007,2,1.8
lepi007,3,1.04
lepi007,4,1.2
lepi007,5,1.36
lepi007,6,0.9
lepi007,7,1.16
lepi007,8,1.16
lepi007,9,1.08
lepi007,10,1.12
lepi007,11,1.5
lepi007,12,0.82
lepi007,13,1.36
lepi007,14,1.14
lepi007,15,1.78
lepi007,16,1.82
lepi007,17,2.02
lepi007,18,1.76
lepi007,19,1.5
lepi007,20,1.52
lepi008,1,1.38
lepi008,2,1.2
lepi008,3,0.75
lepi008,4,0.7
lepi008,5,0.83
lepi008,6,0.6
lepi008,7,1.12
lepi008,8,1.5
lepi008,9,1.56
lepi008,10,1.22
lepi008,11,1.92
lepi008,12,1.66
lepi008,13,2.1
lepi008,14,1.58
lepi008,15,1.56
lepi008,16,0.66
lepi008,17,0.81
lepi008,18,0.79
lepi008,19,1.05
lepi008,20,0.85
lepi009,1,3.6
lepi009,2,3
lepi009,3,2.2
lepi009,4,2.3
lepi009,5,1.7
lepi009,6,2.2
lepi009,7,2.4
lepi009,8,1.5
lepi009,9,2.4
lepi009,10,2.2
lepi009,11,1.5
lepi009,12,2.3
lepi009,13,2.5
lepi009,14,2.2
lepi009,15,2.1
lepi009,16,1.5
lepi009,17,1.4
lepi009,18,1.8
lepi009,19,2.6
lepi009,20,1.9
lepi010,1,1.8
lepi010,2,1.08
lepi010,3,1.5
lepi010,4,1.78
lepi010,5,1.44
lepi010,6,1.2
lepi010,7,1.34
lepi010,8,2.1
lepi010,9,1
lepi010,10,1
lepi010,11,0.9
lepi010,12,2.1
lepi010,13,1.8
lepi010,14,1.16
lepi010,15,1.7
lepi010,16,1.7
lepi010,17,1.3
lepi010,18,1.1
lepi010,19,1.66
lepi011,1,2.5
lepi011,2,2
lepi011,3,1.9
lepi011,4,2.1
lepi011,5,1.66
lepi011,6,1.84
lepi011,7,2.2
lepi011,8,0.75
lepi011,9,0.8
lepi011,10,1.74
lepi011,11,0.62
lepi011,12,0.84
lepi011,13,1.9
lepi011,14,1.22
lepi011,15,0.9
lepi011,16,1.1
lepi011,17,1.48
lepi011,18,0.82
lepi011,19,0.64
lepi011,20,1.12
lepi012,1,1.56
lepi012,2,2.1
lepi012,3,3.9
lepi012,4,1.9
lepi014,1,1.78
lepi014,2,1.44
lepi014,3,1.62
lepi015,1,2.3
lepi015,2,2.5
lepi015,3,3.55
lepi015,4,2.25
lepi016,1,1.4
lepi016,2,2.15
lepi016,3,1.04
lepi016,4,2.4
lepi016,5,2.2
lepi016,6,2.8
lepi016,7,2.2
lepi016,8,3.2
lepi016,9,1.5
lepi016,10,2.7
lepi016,11,2.3
lepi016,12,3.2
lepi016,13,2.3
lepi016,14,2.4
lepi016,15,2.3
lepi016,16,3.8
lepi016,17,1.56
lepi016,18,2.7
lepi016,19,3.1
lepi016,20,1.26
lepi017,1,1.04
lepi019,1,0.95
lepi019,2,0.58
lepi019,3,0.75
lepi019,4,0.8
lepi019,5,0.75
lepi019,6,0.88
lepi019,7,0.88
lepi019,8,1
lepi019,9,0.57
lepi019,10,0.65
lepi019,11,0.55
lepi019,12,0.4
lepi019,13,0.43
lepi019,14,1.16
lepi019,15,1.24
lepi019,16,1.1
lepi019,17,1.34
lepi019,18,1.14
lepi019,19,1.06
lepi019,20,1.16
lepi020,1,0.66
lepi020,2,0.94
lepi020,3,1
lepi020,4,3.1
lepi020,5,3.4
lepi020,6,1.16
lepi020,7,2.3
lepi020,8,2.1
lepi020,9,0.76
lepi020,10,1
lepi021,1,1.24
lepi021,2,1.06
lepi021,3,1.14
lepi021,4,1.2
lepi021,5,1.3
lepi021,6,1.32
lepi021,7,1.16
lepi021,8,1.16
lepi021,9,1.14
lepi021,10,0.98
lepi021,11,1.1
lepi021,12,1.08
lepi021,13,1.14
lepi021,14,1.16
lepi021,15,0.82
lepi021,16,1.06
lepi021,17,1.1
lepi021,18,1.12
lepi021,19,1.16
lepi021,20,1.16
lepi022,1,0.9
lepi022,2,1
lepi022,3,1.26
lepi023,1,1.2
lepi023,2,1.02
lepi023,3,0.78
lepi023,4,1.2
lepi023,5,0.86
lepi023,6,0.88
lepi023,7,0.68
lepi023,8,1.04
lepi023,9,0.72
lepi023,10,0.6
lepi024,1,0.94
lepi024,2,0.86
lepi024,3,0.94
lepi024,4,0.72
lepi024,5,1
lepi024,6,0.86
lepi024,7,0.8
lepi024,8,0.74
lepi024,9,0.8
lepi024,10,0.82
lepi024,11,1.12
lepi025,1,0.52
lepi025,2,0.57
lepi025,3,0.5
lepi026,1,4.5
lepi027,1,1.68
lepi027,2,1.08
lepi027,3,1.62
lepi027,4,1.6
lepi027,5,1.68
lepi027,6,1.56
lepi027,7,0.64
lepi027,8,1.36
lepi027,9,1.18
lepi027,10,1.78
lepi027,11,0.96
lepi027,12,2.3
lepi027,13,1.7
lepi027,14,0.8
lepi027,15,1.38
lepi027,16,1.76
lepi027,17,1.9
lepi027,18,1.92
lepi027,19,2.2
lepi027,20,2.1
lepi028,1,3.3
lepi028,2,2.2
lepi028,3,2.1
lepi028,4,3.1
lepi028,5,2
lepi028,6,1.26
lepi028,7,1.48
lepi028,8,3.2
lepi028,9,2.25
lepi028,10,2.2
lepi028,11,2.5
lepi028,12,1.1
lepi028,13,1.8
lepi028,14,1.2
lepi029,1,1.82
lepi029,2,3.4
lepi029,3,1.6
lepi029,4,0.79
lepi029,5,0.81
lepi030,1,0.44
lepi030,2,0.6
lepi030,3,0.45
lepi030,4,0.54
lepi030,5,0.74
lepi030,6,0.7
lepi030,7,0.73
lepi030,8,0.85
lepi030,9,0.87
lepi030,10,0.8
lepi030,11,0.8
lepi031,1,1.1
lepi032,1,0.65
lepi032,2,0.93
lepi032,3,0.87
lepi032,4,0.64
lepi032,5,1.25
lepi032,6,0.9
lepi032,7,1.03
lepi032,8,0.82
lepi033,1,2.9
lepi034,1,1.3
lepi034,2,1.2
lepi034,3,1.3
lepi035,1,3.1
lepi035,2,2.1
lepi036,1,0.73
lepi036,2,0.8
lepi036,3,0.88
lepi036,4,0.82
lepi036,5,0.82
lepi036,6,0.84
lepi036,7,0.86
lepi036,8,0.78
lepi036,9,0.86
lepi036,10,1.12
lepi037,1,1.3
lepi037,2,0.66
lepi037,3,0.88
lepi037,4,0.94
lepi037,5,1.08
lepi037,6,0.82
lepi037,7,1.2
lepi037,8,1.22
lepi037,9,1.18
lepi037,10,1
lepi037,11,1.08
lepi037,12,0.52
lepi037,13,1.58
lepi037,14,1.26
lepi037,15,1.16
lepi037,16,1.14
lepi037,17,0.86
lepi037,18,1.26
lepi037,19,0.92
lepi037,20,0.76
lepi038,1,2.5
lepi038,2,1.96
lepi038,3,2.6
lepi038,4,2.8
lepi038,5,1.7
lepi039,1,2.5
lepi039,2,1.4
lepi039,3,1.22
lepi039,4,1.24
lepi039,5,0.86
lepi039,6,0.96
lepi039,7,1.1
lepi040,1,1.9
lepi040,2,0.78
lepi040,3,1.74
lepi040,4,2.02
lepi040,5,1.26
lepi040,6,1.76
lepi040,7,1.82
lepi040,8,1.08
lepi041,1,1.74
lepi041,2,1.9
lepi041,3,1.72
lepi041,4,1.46
lepi041,5,2.3
lepi041,6,1.44
lepi041,7,1.96
lepi041,8,1.54
lepi041,9,1.52
lepi041,10,1.98
lepi041,11,1.86
lepi041,12,1.24
lepi041,13,1.26
lepi041,14,2.4
lepi041,15,1.24
lepi041,16,1.3
lepi041,17,1.6
lepi041,18,2.7
lepi041,19,1.64
lepi041,20,1.92
lepi042,1,1.54
lepi042,2,1.5
lepi042,3,1.46
lepi042,4,1.56
lepi042,5,1.26
lepi042,6,1.58
lepi042,7,1.7
lepi042,8,1.28
lepi042,9,1.7
lepi042,10,1.86
lepi042,11,1.54
lepi042,12,1.2
lepi042,13,1.48
lepi042,14,2.06
lepi042,15,1.32
lepi042,16,1.52
lepi042,17,1.06
lepi042,18,1.2
lepi042,19,1.66
lepi042,20,0.88
lepi043,1,0.93
lepi043,2,1.03
lepi043,3,0.92
lepi043,4,0.95
lepi044,1,2.4
lepi044,2,1.34
lepi044,3,0.6
lepi044,4,2.33
lepi044,5,1.12
lepi045,1,0.78
lepi045,2,0.7
lepi045,3,0.88
lepi047,1,0.9
lepi047,2,1.46
lepi047,3,0.66
lepi048,1,0.36
lepi048,2,0.26
lepi049,1,1.2
lepi049,2,1.16
lepi049,3,1.84
lepi049,4,1.4
lepi049,5,1.64
lepi049,6,1.68
lepi049,7,1.56
lepi049,8,1.6
lepi049,9,1.08
lepi049,10,1.56
lepi049,11,2.3
lepi049,12,0.95
lepi049,13,1.3
lepi049,14,1.1
lepi049,15,1.6
lepi049,16,0.98
lepi049,17,2.1
lepi049,18,1.34
lepi049,19,0.88
lepi049,20,1.7
lepi050,1,2.2
lepi050,2,2.4
lepi050,3,3.55
lepi050,4,3.25
lepi050,5,2.2
lepi050,6,3.4
lepi050,7,1.7
lepi050,8,1.98
lepi050,9,3.75
lepi050,10,3.8
lepi050,11,1.68
lepi050,12,1.22
lepi050,13,4.7
lepi050,14,2.8
lepi050,15,1.46
lepi050,16,1.56
lepi050,17,1.36
lepi050,18,1.28
lepi051,1,1.82
lepi051,2,2
lepi051,3,1.3
lepi051,4,1.14
lepi051,5,1.7
lepi052,1,1.18
lepi052,2,0.64
lepi052,3,0.72
lepi052,4,0.96
lepi052,5,1.12
lepi052,6,1.16
lepi052,7,1.04
lepi052,8,0.76
lepi052,9,0.9
lepi052,10,0.96
lepi053,1,1.72
lepi054,1,1.44
lepi055,1,1.48
lepi055,2,1.44
lepi055,3,1.26
lepi056,1,1.5
lepi056,2,1.64
lepi056,3,1.04
lepi057,1,1.28
lepi058,1,0.96
lepi059,1,3.5
lepi059,2,2.1
lepi059,3,2.9
lepi060,1,2.45
lepi060,2,2.9
lepi060,3,2.6
lepi061,1,1.44
lepi061,2,1.44
lepi061,3,1.4
lepi061,4,1.42
lepi061,5,1.36
lepi061,6,1
lepi061,7,1.04
lepi061,8,1.16
lepi061,9,1.44
lepi061,10,1.42
lepi061,11,1.46
lepi061,12,1.08
lepi061,13,1.72
lepi061,14,1.16
lepi061,15,1.04
lepi062,1,0.74
lepi063,1,1.08
lepi064,1,2.45
lepi064,2,3.05
lepi065,1,1.36
lepi066,1,0.94
lepi067,1,1.1
lepi068,1,0.72
lepi069,1,0.9
lepi069,2,0.82
lepi069,3,0.76
lepi069,4,1
lepi069,5,0.9
lepi069,6,1.14
lepi069,7,1.06
lepi069,8,0.82
lepi069,9,1.06
lepi069,10,0.84
lepi069,11,0.86
lepi069,12,0.84
lepi069,13,1.04
lepi069,14,1
lepi069,15,0.78
lepi069,16,0.86
lepi069,17,1
lepi069,18,0.86
lepi070,1,1.44
lepi070,2,1.42
lepi070,3,1.22
lepi070,4,1.44
lepi070,5,1.54
lepi070,6,1.26
lepi070,7,1.2
lepi070,8,1.5
lepi070,9,1.4
lepi070,10,1.3
lepi070,11,1.36
lepi070,12,1.42
lepi070,13,1.52
lepi070,14,1.42
lepi070,15,1.58
lepi070,16,1.54
lepi070,17,1.28
lepi070,18,1.6
lepi070,19,1.24
lepi070,20,1.38
lepi071,1,0.9
lepi072,1,0.73
lepi072,2,0.82
lepi072,3,0.85
lepi072,4,0.77
lepi072,5,0.4
lepi073,1,0.31
lepi073,2,0.48
lepi074,1,0.69
lepi075,1,4
lepi077,1,2
lepi078,1,0.82
lepi079,1,0.84
lepi079,2,0.76
lepi079,3,0.88
lepi079,4,1
lepi079,5,0.62
lepi079,6,1.08
lepi079,7,0.98
lepi079,8,1.24
lepi079,9,0.9
lepi079,10,1.12
lepi079,11,0.56
lepi079,12,1.18
lepi079,13,0.94
lepi079,14,1.04
lepi079,15,1
lepi079,16,0.72
lepi079,17,1
lepi079,18,1.06
lepi079,19,1.14
lepi079,20,1.16
lepi080,1,0.88
lepi080,2,0.92
lepi081,1,3.6
lepi081,2,3.6
lepi082,1,4.6
lepi083,1,2.2
lepi084,1,1.48
lepi084,2,0.71
lepi085,1,0.81
lepi086,1,2.15
lepi086,2,2.15
lepi086,3,2.1
lepi086,4,1.54
lepi086,5,0.6
lepi086,6,1.74
lepi086,7,1.68
lepi086,8,1.8
lepi086,9,1.84
lepi086,10,1.68
lepi087,1,3.9
lepi088,1,1.78
lepi088,2,2.45
lepi088,3,3
lepi088,4,3.4
lepi088,5,4.2
lepi088,6,2.8
lepi088,7,3.2
lepi088,8,1.84
lepi088,9,1.76
lepi088,10,1.44
lepi088,11,1.36
lepi088,12,2.3
lepi088,13,2.85
lepi089,1,1.84
lepi089,2,1.9
lepi089,3,2.3
lepi089,4,2.25
lepi089,5,2.3
lepi089,6,1.9
lepi089,7,2.1
lepi089,8,1.68
lepi089,9,2.1
lepi089,10,2.1
lepi089,11,2.3
lepi089,12,2.3
lepi089,13,2.4
lepi089,14,2.1
lepi089,15,0.96
lepi089,16,2.1
lepi089,17,1.94
lepi089,18,4.1
lepi089,19,1.9
lepi089,20,6.2
lepi090,1,0.78
lepi091,1,0.44
lepi092,1,0.66
lepi093,1,1.58
lepi093,2,1.8
lepi093,3,1.62
lepi093,4,1.8
lepi093,5,1.4
lepi093,6,1.64
lepi094,1,3.6
lepi094,2,0.76
lepi094,3,0.9
lepi094,4,2.55
lepi095,1,7.3
lepi096,1,3.3
lepi096,2,4.5
lepi097,1,1.7
lepi097,2,1.76
lepi097,3,1.88
lepi097,4,1.5
lepi097,5,1.28
lepi097,6,1.6
lepi097,7,2.2
lepi097,8,1.78
lepi097,9,1.32
lepi098,1,2.75
lepi099,1,0.98
lepi100,1,0.98
lepi101,1,1.04
lepi102,1,1.26
lepi102,2,1.54
lepi103,1,2.8
lepi103,2,2.5
lepi103,3,1.74
lepi103,4,1.82
lepi104,1,1.54
lepi105,1,1.08
lepi106,1,3.3
lepi106,2,3.2
lepi106,3,3.4
lepi106,4,2.6
lepi106,5,2.9
lepi106,6,2.8
lepi106,7,3.8
lepi107,1,1.44
lepi108,1,1.04
lepi109,1,1.02
lepi110,1,2.2
lepi111,1,1.24
lepi113,1,2.5
lepi113,2,2.8
lepi114,1,1.82
lepi114,2,2
lepi114,3,1.8
lepi115,1,2.5
lepi116,1,0.415
lepi116,2,0.42
lepi116,3,0.44
lepi116,4,0.405
lepi116,5,0.395
lepi116,6,0.385
lepi116,7,0.43
lepi116,8,0.425
lepi116,9,0.43
lepi116,10,0.435
lepi117,1,1.94
cole001,1,0.54
cole001,2,0.55
cole001,3,0.52
cole001,4,0.65
cole001,5,0.57
cole001,6,0.58
cole001,7,0.56
cole001,8,0.55
cole001,9,0.58
cole001,10,0.6
cole001,11,0.55
cole001,12,0.57
cole001,13,0.61
cole001,14,0.64
cole001,15,0.65
cole001,16,0.5
cole001,17,0.64
cole001,18,0.59
cole001,19,0.54
cole001,20,0.52
cole002,1,0.86
cole002,2,0.9
cole002,3,0.78
cole002,4,0.85
cole002,5,0.85
cole002,6,0.85
cole002,7,0.81
cole002,8,0.97
cole002,9,0.89
cole002,10,0.85
cole002,11,0.86
cole002,12,0.93
cole002,13,0.95
cole002,14,0.89
cole002,15,0.77
cole002,16,0.88
cole002,17,0.91
cole002,18,0.79
cole002,19,0.82
cole002,20,0.82
cole003,1,0.5
cole003,2,0.45
cole003,3,0.56
cole003,4,0.5
cole003,5,0.49
cole003,6,0.51
cole003,7,0.48
cole003,8,0.55
cole003,9,0.49
cole003,10,0.53
cole003,11,0.49
cole003,12,0.56
cole003,13,0.53
cole003,14,0.44
cole003,15,0.45
cole003,16,0.47
cole003,17,0.56
cole003,18,0.5
cole003,19,0.49
cole003,20,0.51
cole005,1,0.4
cole005,2,0.34
cole005,3,0.34
cole005,4,0.32
cole005,5,0.32
cole005,6,0.36
cole005,7,0.38
cole005,8,0.32
cole005,9,0.34
cole005,10,0.38
cole005,11,0.29
cole005,12,0.3
cole005,13,0.32
cole005,14,0.34
cole005,15,0.34
cole005,16,0.34
cole005,17,0.38
cole005,18,0.4
cole005,19,0.34
cole005,20,0.3
cole006,1,0.32
cole006,2,0.33
cole007,1,1.11
cole007,2,0.9
cole007,3,1.12
cole007,4,1.34
cole007,5,0.88
cole007,6,1.2
cole007,7,0.96
cole007,8,1.09
cole007,9,1.02
cole007,10,0.92
cole007,11,0.96
cole008,1,0.74
cole008,2,0.89
cole008,3,0.82
cole008,4,1.14
cole008,5,0.68
cole008,6,0.84
cole008,7,0.82
cole008,8,0.91
cole008,9,0.9
cole008,10,0.74
cole008,11,0.7
cole008,12,0.86
cole008,13,0.81
cole008,14,0.69
cole008,15,0.61
cole008,16,0.59
cole008,17,0.8
cole008,18,0.98
cole008,19,0.7
cole008,20,1.02
cole009,1,1.02
cole009,2,0.87
cole009,3,0.81
cole009,4,1
cole009,5,0.84
cole009,6,0.85
cole009,7,0.82
cole009,8,0.8
cole009,9,0.98
cole009,10,0.95
cole009,11,0.89
cole009,12,0.78
cole009,13,0.95
cole009,14,0.98
cole009,15,0.81
cole009,16,1
cole009,17,1.04
cole009,18,0.83
cole009,19,0.99
cole009,20,0.89
cole010,1,0.47
cole010,2,0.57
cole010,3,0.65
cole010,4,0.6
cole010,5,0.83
cole010,6,0.85
cole010,7,0.87
cole010,8,0.56
cole011,1,0.63
cole011,2,0.6
cole011,3,0.55
cole011,4,0.53
cole012,1,1.08
cole012,2,1
cole012,3,1.04
cole012,4,0.74
cole012,5,0.96
cole012,6,1.04
cole012,7,0.82
cole012,8,1.01
cole012,9,0.88
cole012,10,0.77
cole012,11,1.04
cole012,12,1.04
cole012,13,0.94
cole012,14,1.1
cole012,15,0.96
cole013,1,0.78
cole013,2,0.75
cole013,3,0.77
cole013,4,0.74
cole013,5,0.73
cole013,6,0.72
cole013,7,0.84
cole013,8,0.59
cole013,9,0.72
cole013,10,0.73
cole013,11,0.75
cole013,12,0.73
cole013,13,1.08
cole013,14,0.75
cole013,15,0.86
cole013,16,0.83
cole013,17,0.61
cole013,18,0.67
cole013,19,0.64
cole013,20,1.01
cole014,1,1.46
cole014,2,1.4
cole015,1,0.95
cole015,2,0.92
cole015,3,0.88
cole015,4,1.02
cole015,5,0.84
cole015,6,1.02
cole015,7,1.08
cole015,8,1.06
cole015,9,0.67
cole015,10,0.91
cole015,11,0.93
cole015,12,0.96
cole015,13,0.83
cole015,14,0.97
cole015,15,0.87
cole015,16,1.08
cole015,17,0.79
cole015,18,1.04
cole015,19,1.04
cole015,20,0.97
cole016,1,0.53
cole016,2,0.54
cole016,3,0.5
cole016,4,0.52
cole016,5,0.78
cole016,6,0.56
cole016,7,0.81
cole016,8,0.77
cole016,9,0.48
cole016,10,0.52
cole016,11,0.62
cole016,12,0.62
cole016,13,0.5
cole016,14,0.5
cole016,15,0.51
cole016,16,0.49
cole016,17,0.45
cole018,1,0.59
cole018,2,0.75
cole018,3,0.65
cole018,4,0.56
cole018,5,0.67
cole018,6,0.59
cole018,7,0.55
cole018,8,0.6
cole018,9,0.63
cole018,10,0.59
cole018,11,0.71
cole018,12,0.7
cole018,13,0.55
cole018,14,0.77
cole018,15,0.78
cole018,16,0.77
cole018,17,0.52
cole018,18,0.78
cole018,19,0.67
cole018,20,0.55
cole020,1,0.92
cole020,2,0.96
cole021,1,0.75
cole021,2,0.79
cole021,3,0.79
cole021,4,0.72
cole021,5,0.73
cole021,6,0.72
cole022,1,1.04
cole022,2,1
cole022,3,1.08
cole022,4,1.2
cole022,5,1.34
cole022,6,1.1
cole022,7,1.19
cole022,8,0.9
cole022,9,1
cole022,10,1.2
cole022,11,0.96
cole022,12,1.12
cole022,13,1.08
cole022,14,1.18
cole022,15,1.08
cole022,16,1.1
cole022,17,1.14
cole022,18,1.09
cole022,19,0.76
cole022,20,1.06
cole023,1,0.52
cole023,2,0.59
cole023,3,0.54
cole023,4,0.59
cole025,1,0.69
cole026,1,0.42
cole026,2,0.35
cole026,3,0.39
cole026,4,0.33
cole026,5,0.41
cole026,6,0.44
cole026,7,0.41
cole026,8,0.35
cole026,9,0.39
cole026,10,0.43
cole026,11,0.43
cole026,12,0.36
cole026,13,0.46
cole026,14,0.33
cole026,15,0.39
cole026,16,0.44
cole026,17,0.39
cole026,18,0.37
cole026,19,0.38
cole026,20,0.32
cole027,1,0.44
cole027,2,0.41
cole027,3,0.42
cole027,4,0.4
cole027,5,0.39
cole027,6,0.44
cole027,7,0.48
cole027,8,0.44
cole027,9,0.4
cole027,10,0.36
cole028,1,0.35
cole028,2,0.38
cole028,3,0.3
cole028,4,0.37
cole028,5,0.28
cole029,1,0.62
cole030,1,0.22
cole030,2,0.27
cole030,3,0.26
cole030,4,0.24
cole030,5,0.24
cole030,6,0.26
cole030,7,0.23
cole030,8,0.27
cole030,9,0.25
cole030,10,0.25
cole030,11,0.28
cole030,12,0.27
cole030,13,0.26
cole030,14,0.255
cole030,15,0.25
cole030,16,0.27
cole030,17,0.255
cole030,18,0.28
cole030,19,0.25
cole030,20,0.28
cole032,1,0.52
cole033,1,0.69
cole033,2,0.77
cole033,3,0.82
cole033,4,0.77
cole033,5,0.79
cole033,6,0.83
cole033,7,0.79
cole033,8,0.86
cole033,9,0.76
cole033,10,0.83
cole033,11,0.86
cole033,12,0.8
cole033,13,0.8
cole033,14,0.74
cole033,15,0.92
cole033,16,0.72
cole033,17,0.9
cole033,18,0.88
cole033,19,0.76
cole034,1,0.29
cole034,2,0.31
cole034,3,0.31
cole034,4,0.32
cole034,5,0.31
cole034,6,0.28
cole034,7,0.32
cole034,8,0.3
cole034,9,0.29
cole034,10,0.3
cole034,11,0.31
cole034,12,0.29
cole034,13,0.31
cole034,14,0.28
cole034,15,0.29
cole034,16,0.285
cole034,17,0.3
cole034,18,0.29
cole034,19,0.29
cole034,20,0.31
cole035,1,0.48
cole035,2,0.48
cole035,3,0.48
cole035,4,0.47
cole035,5,0.52
cole035,6,0.46
cole035,7,0.46
cole035,8,0.48
cole035,9,0.53
cole035,10,0.49
cole035,11,0.51
cole035,12,0.52
cole035,13,0.47
cole035,14,0.51
cole035,15,0.5
cole035,16,0.55
cole035,17,0.52
cole035,18,0.56
cole035,19,0.48
cole035,20,0.49
cole037,1,0.49
cole037,2,0.48
cole037,3,0.46
cole037,4,0.46
cole037,5,0.43
cole037,6,0.46
cole037,7,0.46
cole037,8,0.44
cole037,9,0.5
cole037,10,0.45
cole037,11,0.5
cole037,12,0.48
cole037,13,0.45
cole037,14,0.48
cole037,15,0.5
cole037,16,0.45
cole037,17,0.51
cole037,18,0.48
cole037,19,0.48
cole037,20,0.44
cole037,1,0.58
cole038,1,1.4
cole038,2,1.44
cole038,3,1.36
cole040,1,0.52
cole041,1,0.64
cole041,2,0.56
cole041,3,0.56
cole041,4,0.58
cole041,5,0.6
cole041,6,0.62
cole041,7,0.55
cole041,8,0.52
cole041,9,0.66
cole041,10,0.38
cole041,11,0.51
cole041,12,0.65
cole041,13,0.44
cole041,14,0.46
cole041,15,0.49
cole041,16,0.5
cole042,1,0.46
cole042,2,0.47
cole043,1,0.98
cole043,2,0.97
cole043,3,0.99
cole043,4,1.04
cole044,1,0.87
cole044,2,0.64
cole044,3,0.76
cole044,4,0.73
cole044,5,0.6
cole044,6,0.67
cole044,7,0.72
cole044,8,0.86
cole044,9,0.63
cole044,10,0.61
cole045,1,1.02
cole045,2,1.1
cole045,3,0.88
cole045,4,1.06
cole046,1,0.25
cole047,1,0.4
cole048,1,0.64
cole048,2,0.61
cole048,3,0.69
cole048,4,0.66
cole048,5,0.65
cole050,1,0.275
cole050,2,0.26
cole051,1,0.38
cole051,2,0.88
cole052,1,0.45
cole052,2,0.43
cole052,3,0.4
cole052,4,0.38
cole052,5,0.42
cole054,1,0.62
cole054,2,0.5
cole054,3,0.48
cole054,4,0.52
cole055,1,0.46
cole056,1,0.56
cole056,2,0.64
cole056,3,0.68
cole056,4,0.93
cole057,1,0.6
cole058,1,0.4
cole059,1,0.51
cole059,2,0.355
cole059,3,0.39
cole059,4,0.21
cole059,5,0.43
cole059,6,0.55
cole059,7,0.57
cole059,8,0.7
cole059,9,0.6
cole059,10,0.6
cole059,11,0.53
cole059,12,0.4
cole059,13,0.35
cole059,14,0.37
cole059,15,0.49
cole059,16,0.55
cole059,17,0.28
cole059,18,0.6
cole059,19,0.52
cole059,20,0.43
cole060,1,1.84
cole060,2,1.92
cole060,3,1.94
cole060,4,1.7
cole060,5,1.84
cole060,6,1.84
cole060,7,1.76
cole060,8,2.15
cole060,9,2.2
cole060,10,1.83
cole060,11,1.84
cole060,12,1.9
cole060,13,1.66
cole060,14,1.88
cole060,15,1.88
cole060,16,1.7
cole060,17,1.88
cole060,18,2.1
cole060,19,1.8
cole060,20,1.82
cole061,1,0.96
cole061,2,1.1
cole061,3,1.12
cole061,4,1.13
cole061,5,1
cole061,6,1.1
cole061,7,1.04
cole061,8,1.04
cole061,9,1.16
cole062,1,0.48
cole062,2,0.48
cole062,3,0.52
cole062,4,0.5
cole062,5,0.48
cole062,6,0.46
cole063,1,0.37
cole063,2,0.41
cole063,3,0.41
cole063,4,0.34
cole064,1,0.79
cole065,1,3.1
cole066,1,1.02
cole067,1,0.99
cole068,1,0.47
cole068,2,0.33
cole068,3,0.41
cole068,4,0.27
cole068,5,0.26
cole068,6,0.41
cole069,1,0.56
cole070,1,0.82
cole070,2,0.86
cole070,3,0.85
cole070,4,0.71
cole070,5,0.6
cole070,6,0.86
cole070,7,0.75
cole071,1,1.4
cole071,2,0.96
cole071,3,1.32
cole071,4,1.16
cole071,5,1.26
cole071,6,1.24
cole071,7,1.4
cole071,8,1.2
cole071,9,0.94
cole071,10,1.72
cole071,11,1.68
cole071,12,1.04
cole071,13,1.36
cole071,14,1.64
cole071,15,1.2
cole071,16,0.96
cole072,1,0.24
cole073,1,0.77
cole073,2,0.49
cole074,1,0.39
cole075,1,0.82
cole075,2,0.71
cole075,3,0.63
cole075,4,0.5
cole075,5,0.81
cole076,1,0.49
cole076,2,0.83
cole076,3,0.64
cole077,1,0.9
cole078,1,0.75
cole079,1,1.12
cole080,1,0.8
cole080,2,0.82
cole080,3,0.81
cole080,4,0.87
cole081,1,0.26
cole081,2,0.24
cole081,3,0.25
cole081,4,0.29
cole081,5,0.24
cole081,6,0.28
cole081,7,0.29
cole081,8,0.29
cole082,1,1.98
cole082,2,1.9
cole083,1,1.3
cole083,2,1.04
cole084,1,1.1
cole085,1,0.63
cole086,1,0.45
cole087,1,0.76
cole087,2,1.06
cole088,1,0.98
cole089,1,0.53
cole090,1,0.43
cole091,1,0.53
cole091,2,0.55
cole091,3,0.56
cole091,4,0.53
cole091,5,0.55
cole091,6,0.56
cole091,7,0.57
cole091,8,0.59
cole091,9,0.57
cole091,10,0.55
cole091,11,0.53
cole092,1,0.67
cole093,1,0.39
cole095,1,0.53
cole096,1,0.47
cole097,1,0.82
cole098,1,1.4
cole099,1,1.22
cole100,1,0.83
cole100,2,0.6
cole101,1,1
cole103,1,0.82
cole104,1,0.71
cole105,1,0.31
cole106,1,0.31
cole106,2,0.29
cole107,1,0.32
cole108,1,0.45
cole112,1,1.36
cole112,2,1.62
cole112,3,1.78
cole112,4,3.2
cole112,5,3.2
cole112,6,1.38
cole112,7,1.34
cole112,8,1.78
cole112,9,2.48
cole112,10,2.76
cole112,11,2.7
cole112,12,1.5
cole113,1,2.95
cole113,2,3.25
cole114,1,1.3
cole114,2,1.58
cole114,3,1.3
cole114,4,1.06
cole114,5,1.6
cole114,6,1.7
cole114,7,1.16
cole114,8,1.06
cole114,9,1.06
cole114,10,1.36
cole114,11,1.3
cole114,12,1.52
cole114,13,2.3
cole115,1,1.56
cole115,2,1.82
cole116,1,0.85
cole116,2,0.9
cole116,3,0.79
cole116,4,0.78
cole116,5,0.79
cole116,6,0.65
cole116,7,0.87
cole116,8,0.81
cole116,9,0.64
cole116,10,0.86
cole116,11,0.69
cole116,12,0.69
cole116,13,0.81
cole116,14,0.93
cole116,15,0.83
cole116,16,1.07
cole116,17,0.88
cole116,18,1.02
cole116,19,0.8
cole116,20,0.84
cole117,1,1.34
cole117,2,1.28
cole118,1,0.84
cole118,2,0.85
cole118,3,0.85
cole118,4,0.89
cole118,5,0.98
cole118,6,1.3
cole118,7,1.26
cole118,8,1.06
cole118,9,0.98
cole118,10,0.69
cole118,11,0.81
cole118,12,0.81
cole118,13,0.95
cole118,14,0.84
cole118,15,0.94
cole118,16,1.01
cole118,17,1.08
cole118,18,1.13
cole118,19,1.1
cole118,20,1.26
cole119,1,0.88
cole119,2,0.65
cole119,3,0.75
cole119,4,0.67
cole119,5,0.66
cole119,6,0.91
cole119,7,0.99
cole119,8,0.81
cole119,9,0.87
cole119,10,0.73
cole119,11,0.66
cole119,12,0.73
cole119,13,0.79
cole119,14,0.88
cole119,15,0.95
cole119,16,0.8
cole119,17,0.83
cole119,18,0.95
cole119,19,0.72
cole119,20,0.92
cole120,1,1.34
cole120,2,1.08
cole120,3,1.14
cole121,1,1.46
cole122,1,1.44
cole122,2,1.14
cole122,3,0.92
cole122,4,1.46
cole122,5,0.95
cole123,1,1.2
cole124,1,1.06
cole124,2,0.98
cole124,3,0.6
cole124,4,0.77
cole124,5,0.8
cole124,6,0.96
cole124,7,0.67
cole124,8,0.67
cole124,9,1.13
cole124,10,0.87
cole124,11,0.85
cole124,12,0.74
cole124,13,0.73
cole124,14,0.68
cole124,15,0.96
cole124,16,0.98
cole124,17,0.78
cole124,18,1.04
cole124,19,0.76
cole124,20,0.74
cole125,1,1.18
cole125,2,1.12
cole125,3,1.12
cole125,4,0.97
cole125,5,0.91
cole126,1,0.66
cole126,2,0.88
cole126,3,0.92
cole126,4,0.99
cole126,5,1.08
cole126,6,1.23
cole126,7,1.06
cole126,8,1.08
cole126,9,1.38
cole126,10,0.98
cole126,11,0.8
cole127,1,0.94
cole127,2,1.13
cole127,3,0.96
cole127,4,0.95
cole127,5,1
cole128,1,0.71
cole128,2,0.87
cole128,3,0.86
cole129,1,1.06
cole130,1,1.84
cole130,2,2.06
cole130,3,1.76
cole130,4,2.12
cole131,1,2.48
cole131,2,2.38
cole131,3,1.94
cole132,1,4.3
cole132,2,2.45
cole133,1,2.3
cole134,1,1.44
cole135,1,0.77
cole136,1,1.36
cole137,1,0.86
cole137,2,0.77
cole137,3,0.66
cole137,4,0.78
cole137,5,0.8
cole137,6,0.78
cole138,1,1.03
cole139,1,0.84
cole140,1,2.8
cole141,1,1.24
cole142,1,0.74
cole143,1,0.51
cole145,1,0.64
cole146,1,0.69
cole147,1,0.33
cole148,1,1.08
cole149,1,0.72
cole149,2,0.44
cole150,1,0.89
cole150,2,1.04
cole150,3,1.1
cole151,1,0.92
cole152,1,0.79
orth001,1,0.37
orth001,2,0.32
orth001,3,0.26
orth001,4,0.57
orth001,5,0.51
orth001,6,0.53
orth001,7,0.32
orth001,8,0.5
orth001,9,0.6
orth001,10,0.41
orth001,11,0.5
orth001,12,0.61
orth001,13,0.51
orth001,14,0.66
orth001,15,0.64
orth001,16,0.42
orth001,17,0.49
orth001,18,0.6
orth001,19,0.46
orth001,20,0.52
orth002,1,0.69
orth002,2,0.73
orth002,3,0.63
orth002,4,0.64
orth002,5,0.76
orth002,6,0.6
orth002,7,0.58
orth002,8,0.65
orth002,9,0.45
orth002,10,0.59
orth002,11,0.57
orth002,12,0.44
orth002,13,0.63
orth002,14,0.6
orth002,15,0.63
orth002,16,0.59
orth002,17,0.64
orth002,18,0.64
orth002,19,0.54
orth002,20,0.61
orth003,1,0.7
orth003,2,0.63
orth003,3,0.8
orth003,4,0.64
orth003,5,0.69
orth003,6,0.61
orth003,7,0.57
orth003,8,0.63
orth003,9,0.64
orth003,10,0.65
orth003,11,0.7
orth003,12,0.63
orth003,13,0.58
orth003,14,0.65
orth003,15,0.69
orth003,16,0.59
orth003,17,0.64
orth003,18,0.67
orth003,19,0.63
orth003,20,0.61
orth004,1,0.57
orth004,2,0.54
orth004,3,0.59
orth004,4,1.14
orth005,1,0.45
orth005,2,0.46
orth005,3,0.45
orth005,4,0.17
orth005,5,4.1
orth005,6,1.24
orth006,1,2.2
orth006,2,0.68
orth006,3,1.2
orth006,4,0.7
orth006,5,1.03
orth007,1,1.48
orth007,2,0.82
orth007,3,1.06
orth007,4,0.75
orth007,5,1.2
orth008,1,4.8
orth008,2,3.1
orth008,3,3.8
orth008,4,2.55
orth008,5,3
orth008,6,3.35
orth008,7,3.1
orth008,8,2.25
orth008,9,5.7
orth008,10,0.56
orth008,11,4.2
orth009,1,1.12
orth010,1,2.1
orth010,2,2.2
orth011,1,1.28
orth011,2,1.22
orth011,3,0.88
orth011,4,0.76
orth011,5,1.14
orth011,6,0.75
orth011,7,0.86
orth011,8,0.88
orth011,9,1.26
orth011,10,0.96
orth011,11,1.16
orth011,12,0.96
orth011,13,1.44
orth011,14,1.24
orth011,15,1.4
orth011,16,1.06
orth011,17,1.04
orth011,18,1.38
orth011,19,1.04
orth011,20,1.08
orth012,1,1.66
orth012,2,1.6
orth012,3,1.18
orth012,4,1.18
orth012,5,1.94
orth012,6,1.52
orth012,7,2.25
orth012,8,1.48
orth012,9,1.2
orth012,10,1.36
orth012,11,1.1
orth012,12,1.16
orth012,13,1.62
orth012,14,1.3
orth012,15,1.46
orth012,16,1.84
orth012,17,1.26
orth012,18,1.08
orth012,19,0.9
orth012,20,1.66
orth013,1,1.24
orth013,2,1.66
orth013,3,0.33
orth013,4,0.28
orth013,5,1.76
orth013,6,1.46
orth013,7,1.62
orth013,8,1.1
orth013,9,1.66
orth013,10,1.52
orth013,11,1.44
orth013,12,1.4
orth014,1,0.66
orth014,2,0.67
orth014,3,0.59
orth014,4,0.62
orth015,1,0.66
orth015,2,1.4
orth015,3,0.92
orth015,4,0.91
orth015,5,0.57
orth015,6,1.38
orth015,7,1.08
orth015,8,1.42
orth015,9,1.2
orth015,10,1
orth015,11,0.82
orth015,12,0.765
orth015,13,1.18
orth015,14,1.1
orth015,15,0.92
orth015,15,0.75
orth015,16,1.06
orth015,17,0.86
orth015,18,0.67
orth015,19,1
orth015,20,0.53
orth016,1,1.92
orth016,2,1.56
orth016,3,0.9
orth016,4,0.87
orth016,5,0.44
orth016,6,1.25
orth016,7,1.82
orth016,8,1.88
orth016,9,1.3
orth017,1,4.5
orth017,2,2.5
orth018,1,2.25
orth018,2,0.31
orth018,3,0.44
orth018,4,4.2
orth018,5,0.53
orth018,6,1.12
orth018,7,1.04
orth018,8,0.39
orth018,9,1.36
orth018,10,0.59
orth018,11,0.47
orth018,12,1.38
orth018,13,1.5
orth018,14,0.48
orth019,1,0.63
orth019,2,0.54
orth019,3,0.57
orth019,4,0.57
orth019,5,0.55
orth019,6,0.62
orth019,7,0.65
orth019,8,0.61
orth019,9,0.47
orth019,10,0.57
orth019,11,0.51
orth019,12,0.56
orth019,13,0.33
orth019,14,0.59
orth019,15,0.36
orth019,16,0.58
orth019,17,0.37
orth019,18,0.56
orth019,19,0.52
orth019,20,0.4
orth020,1,1.36
orth020,2,1.12
orth020,3,1
orth020,4,0.84
orth020,5,1.16
orth020,6,1.12
orth020,7,1.52
orth020,8,0.41
orth020,9,0.38
orth020,10,4.1
orth020,11,0.66
orth020,12,0.54
orth020,13,0.66
orth020,14,0.78
orth020,15,0.58
orth020,16,0.53
orth020,17,0.53
orth020,17,0.88
orth020,18,0.69
orth020,19,0.4
orth020,20,1.16
orth021,1,0.93
orth021,2,1.04
orth021,3,1.24
orth021,4,0.57
orth021,5,0.9
orth021,6,1.17
orth022,1,0.9
orth022,2,1.03
orth022,3,1.26
orth022,3,0.79
orth022,4,1.02
orth022,5,1.4
orth023,1,1.59
orth023,2,0.56
orth023,3,1.72
orth023,4,0.88
orth023,5,0.51
orth023,6,1.44
orth024,1,0.7
orth024,2,0.72
orth024,3,1.04
orth024,4,1.14
orth024,5,0.69
orth024,6,0.59
orth024,7,0.35
orth024,8,0.31
orth024,9,0.48
orth024,10,0.31
orth024,11,0.76
orth024,12,0.73
orth024,13,0.74
orth024,14,0.87
orth024,15,0.77
orth024,16,0.72
orth024,17,0.76
orth024,18,0.69
orth024,19,0.61
orth024,20,0.41
orth025,1,0.725
orth025,2,0.64
orth025,3,0.79
orth025,4,0.73
orth025,5,0.54
orth025,6,0.36
orth025,7,0.92
orth025,8,0.79
orth025,9,5.2
orth025,10,0.69
orth025,11,0.52
orth025,12,0.64
orth025,13,0.73
orth025,14,0.5
orth025,15,0.54
orth025,16,0.66
orth026,1,2.53
orth026,2,2.9
orth026,3,2.1
orth026,4,3.25
orth026,5,2.4
orth026,6,2.5
orth026,7,2.3
orth026,8,1.55
orth026,9,3.4
orth026,10,3.35
orth027,1,0.55
orth027,2,0.6
orth027,3,0.67
orth027,4,0.59
orth027,5,0.63
orth027,6,0.57
orth027,7,0.57
orth028,1,0.95
orth028,2,0.55
orth028,3,0.57
orth028,4,0.65
orth028,5,0.35
orth028,6,0.63
orth028,7,0.89
orth028,8,0.69
orth028,9,0.42
orth028,10,0.99
orth028,11,0.85
orth028,12,1.14
orth028,13,0.68
orth028,14,0.4
orth028,15,0.84
orth028,16,1.2
orth028,17,1.14
orth028,18,1.34
orth028,19,0.82
orth028,20,1.2
orth029,1,0.71
orth029,2,0.29
orth029,3,0.42
orth029,4,0.74
orth029,5,0.41
orth030,1,0.4
orth030,2,0.25
orth030,3,0.39
orth031,1,5.25
orth031,2,2.9
orth031,3,2.6
orth031,4,1.56
orth031,5,1.78
orth031,6,2.2
orth031,7,1.45
orth031,8,1.44
orth031,9,2.2
orth031,10,1.94
orth031,11,2.15
orth031,12,2.25
orth031,13,1.88
orth031,14,3.45
orth031,15,1.5
orth031,16,1.3
orth031,17,2.7
orth031,18,1.44
orth031,19,2.16
orth031,20,3
orth032,1,5.3
orth032,2,5.7
orth032,3,4.6
orth032,4,4.3
orth033,1,0.66
orth033,2,1.14
orth033,3,0.78
orth033,4,0.77
orth033,5,0.68
orth033,6,1.22
orth033,7,0.75
orth033,8,0.83
orth033,9,0.85
orth033,10,0.63
orth033,11,0.84
orth033,12,0.68
orth033,13,0.71
orth033,14,0.86
orth033,15,0.99
orth033,16,0.7
orth033,17,0.73
orth033,18,0.81
orth033,19,0.6
orth034,1,1.42
orth034,2,1.76
orth034,3,2.5
orth035,1,1.14
orth035,2,1.94
orth035,3,1.04
orth035,4,1.48
orth036,1,1.64
orth037,1,1.18
orth037,2,0.77
orth037,3,0.68
orth037,4,0.8
orth037,5,1.38
orth037,6,0.99
orth037,7,0.79
orth039,1,1.54
orth039,2,1.4
orth040,1,6.3
orth040,2,5.4
orth040,3,6
orth040,4,6
orth040,5,4.9
orth040,6,6.2
orth040,7,5.3
orth041,8,0.56
orth041,1,0.58
orth041,2,0.61
orth042,1,4.2
orth042,2,2.5
orth042,3,3.3
orth042,4,3.5
orth042,5,1.7
orth042,6,2.5
orth042,7,1.78
orth042,8,1.68
orth042,9,4
orth042,10,3.4
orth042,11,3.5
orth042,12,3.9
orth042,13,3.3
orth042,14,2.85
orth042,14,2.9
orth042,15,3.8
orth042,16,3.5
orth042,17,3.8
orth042,18,3
orth043,1,0.63
orth043,2,0.63
orth043,3,0.59
orth043,4,0.61
orth043,5,0.71
orth043,6,0.62
orth043,7,0.62
orth043,8,0.58
orth043,9,0.68
orth044,1,1.6
orth044,2,1.62
orth044,3,1.58
orth044,4,1.06
orth044,5,1.54
orth044,6,0.92
orth044,7,0.89
orth044,8,0.86
orth044,9,1.2
orth044,10,1.34
orth044,11,1.76
orth044,12,1.12
orth044,13,0.9
orth044,14,0.73
orth044,15,0.94
orth044,16,1.02
orth044,17,1.32
orth044,18,0.85
orth044,19,1.56
orth044,20,1.46
orth045,1,0.405
orth045,2,0.35
orth045,3,0.38
orth045,4,0.41
orth045,5,0.43
orth045,6,0.4
orth045,7,0.38
orth045,8,0.41
orth046,1,1.04
orth046,2,1
orth046,3,0.57
orth046,4,0.86
orth046,5,0.87
orth047,1,1.38
orth048,1,0.48
orth048,1,5.1
orth048,2,3.9
orth049,1,0.59
orth049,2,0.56
orth049,3,0.47
orth049,4,0.69
orth049,5,0.52
orth049,6,0.55
orth049,7,0.58
orth049,8,0.54
orth049,9,1.12
orth050,1,0.42
orth050,2,0.41
orth050,3,0.5
orth050,4,0.6
orth050,5,0.57
orth050,6,0.63
orth050,7,0.58
orth051,1,1.78
orth051,2,3.1
orth051,3,3.3
orth051,4,3.35
orth051,5,2.8
orth051,6,1.34
orth052,1,2.4
orth052,2,2.2
orth052,3,2
orth052,4,1.32
orth052,5,1.4
orth052,6,1.4
orth052,7,1.94
orth052,8,1.08
orth054,1,1.94
orth054,2,1.54
orth054,3,2.6
orth054,4,1.2
orth054,5,1.48
orth054,6,1.74
orth054,7,1.78
orth054,8,1.68
orth054,9,1.5
orth054,10,0.76
orth054,11,1.46
orth054,12,1.92
orth054,13,1.44
orth054,14,1.78
orth054,15,2.55
orth054,16,1.54
orth054,17,1.78
orth054,18,1.8
orth054,19,1.66
orth054,20,2.3
orth055,1,1.99
orth055,2,1.57
orth055,3,1.88
orth055,4,1.66
orth055,5,1.68
orth055,6,1.7
orth056,1,0.79
orth056,2,1.13
orth057,1,1.28
orth057,2,1.56
orth057,3,1.5
orth058,1,0.6
orth058,2,0.94
orth058,3,0.73
orth058,4,0.67
orth058,5,0.66
orth058,6,0.47
orth058,7,0.63
orth059,1,3.5
orth059,2,3.9
orth060,1,3
orth060,2,4.1
orth061,1,1.86
orth062,1,1.19
orth063,1,1.86
orth064,1,3.5
orth064,2,3.9
orth064,3,3.05
orth065,1,2.6
orth065,2,2.7
orth065,3,2.9
orth065,4,2.4
orth066,1,2.2
orth066,2,1.8
orth066,3,1.68
orth066,4,2.25
orth066,5,3.5
orth066,6,1.8
orth066,7,2.83
orth066,8,1.96
orth067,1,1.4
orth067,2,1.7
orth068,1,2.4
orth068,2,1.7
orth068,3,1.86
orth069,1,2.85
orth070,1,1.02
orth070,2,0.82
orth070,3,0.7
orth071,1,1.74
orth071,2,2.5
orth071,3,2.22
orth071,4,1.4
orth071,5,1.63
orth071,6,2.6
orth071,7,2.2
orth071,8,2.2
orth071,9,1.96
orth071,10,1.84
orth072,1,1.01
orth072,2,3.1
orth073,1,3.7
orth073,2,3.5
orth073,3,3.7
orth073,4,4.8
orth074,1,2.3
orth074,2,2.1
orth074,3,2.95
orth074,4,1.75
orth074,5,3
orth074,6,1.7
orth074,7,1.56
orth074,8,2
orth074,9,1.72
orth074,10,1.92
orth074,11,1.28
orth074,12,2.1
orth075,1,1.26
orth075,2,1.28
orth076,1,1.08
orth076,2,0.75
orth076,3,0.77
orth076,4,0.56
orth077,1,0.81
orth078,1,1.44
orth079,1,1.4
orth079,2,1.68
orth079,3,1.62
orth079,4,1.28
orth079,5,2
orth079,6,1.76
orth079,7,3.05
orth080,1,4.75
orth080,2,4.4
orth080,3,5.4
orth081,1,1.14
orth082,1,1.08
orth082,2,0.81
orth082,3,0.6
orth082,4,0.87
orth083,1,0.75
orth083,2,0.83
orth083,3,0.7
orth084,1,2.83
orth085,1,0.54
orth086,1,1.24
orth086,2,1.36
orth087,1,0.44
orth087,2,0.83
orth088,1,0.52
orth088,2,0.5
orth089,1,3.8
orth089,2,3.3
orth090,1,1.22
orth090,2,1.48
orth091,1,3.6
orth092,1,2.8
orth093,1,1.6
orth094,1,1.32
orth095,1,1.02
